id;tower;year;quarter;paid_flats;pending_flats;total_flats;notes;uploaded_by;created_at;updated_at;dues_cleared_from_previous;advance_payments;month;is_locked;status;submitted_at;approved_by;approved_at;correction_reason;correction_requested_at;correction_approved_at;document_url
de4d3fae-9e76-4b5c-94b8-11b0d8386640;1A;2024;2;10;10;67;;73a0db7e-c07e-44a0-b86f-365afe2fc0d3;2025-12-04 04:03:52.606224+00;2025-12-04 04:04:10.24662+00;10;8;4;false;draft;;;;;;;
20473c5f-d83e-4c3e-b00a-3e44240fd2b8;1A;2024;2;10;0;67;;73a0db7e-c07e-44a0-b86f-365afe2fc0d3;2025-12-04 04:03:52.606224+00;2025-12-04 04:04:10.24662+00;0;0;5;false;draft;;;;;;;
6f040d8d-7cfa-4e49-b42b-9003874c8428;1A;2024;2;10;0;67;;73a0db7e-c07e-44a0-b86f-365afe2fc0d3;2025-12-04 04:03:52.606224+00;2025-12-04 04:04:10.24662+00;0;0;6;false;draft;;;;;;;
4fec487f-eea8-4d37-9d09-0d262583a402;1A;2024;4;10;10;67;;67bdc48d-86c1-460a-a0d2-352dfc11af88;2025-12-03 11:15:50.818677+00;2025-12-04 04:31:31.549587+00;2;1;;false;correction_pending;2025-12-04 04:31:01.729+00;;;;;;
0faa98b1-becd-4818-9d35-d9b73b31fcc6;20C;2025;2;10;0;67;;67bdc48d-86c1-460a-a0d2-352dfc11af88;2025-12-05 09:51:48.38385+00;2025-12-05 09:53:33.367288+00;0;0;4;false;correction_pending;2025-12-05 09:51:51.722+00;;;;;;
ab0cbf52-4c6f-4062-920b-058aaf4d5351;14;2025;4;126;73;201;;67bdc48d-86c1-460a-a0d2-352dfc11af88;2025-12-20 11:04:37.69852+00;2025-12-20 11:07:26.965916+00;0;0;11;true;approved;2025-12-20 11:04:39.578+00;73a0db7e-c07e-44a0-b86f-365afe2fc0d3;2025-12-20 11:07:26.718+00;;;;14/2025/Q3_1766228675087.xlsx
f5d0fe17-29d2-4b27-83be-0070ba00619d;20C;2025;2;10;0;67;;67bdc48d-86c1-460a-a0d2-352dfc11af88;2025-12-05 09:51:48.38385+00;2025-12-05 09:53:35.433327+00;0;0;5;false;correction_pending;2025-12-05 09:51:51.722+00;;;;;;
4f551b27-31aa-4b1b-a415-ea87bba0d323;1B;2025;2;61;6;67;;67bdc48d-86c1-460a-a0d2-352dfc11af88;2025-12-04 07:12:14.517111+00;2025-12-04 07:56:32.694852+00;0;0;4;true;approved;2025-12-04 07:21:39.344+00;73a0db7e-c07e-44a0-b86f-365afe2fc0d3;2025-12-04 07:56:32.49+00;;;;
aff6d588-b681-4ec8-816b-ef3a0eee12ec;14;2025;4;128;70;201;;67bdc48d-86c1-460a-a0d2-352dfc11af88;2025-12-20 11:04:37.69852+00;2025-12-20 11:07:26.965916+00;0;0;12;true;approved;2025-12-20 11:04:39.578+00;73a0db7e-c07e-44a0-b86f-365afe2fc0d3;2025-12-20 11:07:26.718+00;;;;14/2025/Q3_1766228675087.xlsx
44121311-0b36-438c-8adf-e6430e64f73a;1B;2025;2;62;5;67;;67bdc48d-86c1-460a-a0d2-352dfc11af88;2025-12-04 07:12:14.517111+00;2025-12-04 07:56:37.929492+00;0;0;5;true;approved;2025-12-04 07:21:39.344+00;73a0db7e-c07e-44a0-b86f-365afe2fc0d3;2025-12-04 07:56:37.738+00;;;;
17743421-0317-4308-bcce-ef657592c123;20C;2025;2;10;0;67;;67bdc48d-86c1-460a-a0d2-352dfc11af88;2025-12-05 09:51:48.38385+00;2025-12-05 09:53:37.509666+00;0;0;6;false;correction_pending;2025-12-05 09:51:51.722+00;;;;;;
5399a2eb-5744-49fa-b61f-109678d864ce;1B;2025;2;61;6;67;;67bdc48d-86c1-460a-a0d2-352dfc11af88;2025-12-04 07:12:14.517111+00;2025-12-04 07:56:41.389783+00;0;0;6;true;approved;2025-12-04 07:21:39.344+00;73a0db7e-c07e-44a0-b86f-365afe2fc0d3;2025-12-04 07:56:41.207+00;;;;
d11269ce-f491-4369-b511-67cc9a67114f;1A;2025;2;66;1;67;;67bdc48d-86c1-460a-a0d2-352dfc11af88;2025-12-04 06:40:20.445655+00;2025-12-04 07:56:44.476851+00;0;0;4;true;approved;2025-12-04 06:40:23.545+00;73a0db7e-c07e-44a0-b86f-365afe2fc0d3;2025-12-04 07:56:44.295+00;;;;
2574636b-0bb0-4a24-8f73-ca37ad9ede2e;1A;2025;2;66;1;67;;67bdc48d-86c1-460a-a0d2-352dfc11af88;2025-12-04 06:40:20.445655+00;2025-12-04 07:56:47.87165+00;0;0;5;true;approved;2025-12-04 06:40:23.545+00;73a0db7e-c07e-44a0-b86f-365afe2fc0d3;2025-12-04 07:56:47.688+00;;;;
03314b86-d433-47d3-93b7-04bb7b796bfe;1A;2025;2;66;1;67;;67bdc48d-86c1-460a-a0d2-352dfc11af88;2025-12-04 06:40:20.445655+00;2025-12-04 07:56:50.817047+00;0;0;6;true;approved;2025-12-04 06:40:23.545+00;73a0db7e-c07e-44a0-b86f-365afe2fc0d3;2025-12-04 07:56:50.61+00;;;;
13a87e7d-b104-4598-910d-8f86f0446bb8;6;2025;2;67;0;67;;67bdc48d-86c1-460a-a0d2-352dfc11af88;2025-12-05 10:28:43.927504+00;2025-12-05 10:29:12.041653+00;0;0;6;true;approved;2025-12-05 10:29:02.889+00;73a0db7e-c07e-44a0-b86f-365afe2fc0d3;2025-12-05 10:29:11.917+00;;;;
78f1a22e-d773-4d92-9364-22241b0339ac;6;2025;2;66;1;67;;67bdc48d-86c1-460a-a0d2-352dfc11af88;2025-12-05 10:28:43.927504+00;2025-12-05 10:29:12.041653+00;0;0;5;true;approved;2025-12-05 10:29:02.889+00;73a0db7e-c07e-44a0-b86f-365afe2fc0d3;2025-12-05 10:29:11.917+00;;;;
caae2ca1-b554-4459-92c5-4e97d75b99d0;7;2025;2;66;1;67;;67bdc48d-86c1-460a-a0d2-352dfc11af88;2025-12-04 11:42:03.962122+00;2025-12-04 11:42:42.371941+00;0;0;4;true;approved;2025-12-04 11:42:06.331+00;73a0db7e-c07e-44a0-b86f-365afe2fc0d3;2025-12-04 11:42:42.189+00;;;;
e227a8ef-c5f3-450a-ac6b-b4d6bb85d772;7;2025;2;66;1;67;;67bdc48d-86c1-460a-a0d2-352dfc11af88;2025-12-04 11:42:03.962122+00;2025-12-04 11:42:45.17469+00;0;0;5;true;approved;2025-12-04 11:42:06.331+00;73a0db7e-c07e-44a0-b86f-365afe2fc0d3;2025-12-04 11:42:44.987+00;;;;
056a3fd3-d772-4829-b84d-2332c9980fe6;7;2025;2;66;1;67;;67bdc48d-86c1-460a-a0d2-352dfc11af88;2025-12-04 11:42:03.962122+00;2025-12-04 11:42:47.045948+00;0;0;6;true;approved;2025-12-04 11:42:06.331+00;73a0db7e-c07e-44a0-b86f-365afe2fc0d3;2025-12-04 11:42:46.878+00;;;;
90c56b63-2d5f-4078-af10-7cd8bf7dda83;6;2025;2;67;0;67;;67bdc48d-86c1-460a-a0d2-352dfc11af88;2025-12-05 10:28:43.927504+00;2025-12-05 10:29:12.041653+00;0;0;4;true;approved;2025-12-05 10:29:02.889+00;73a0db7e-c07e-44a0-b86f-365afe2fc0d3;2025-12-05 10:29:11.917+00;;;;
16bc0ca9-a90d-44c9-8b9b-1178179425e0;4A;2025;4;58;9;67;;67bdc48d-86c1-460a-a0d2-352dfc11af88;2025-12-20 10:21:53.164738+00;2025-12-20 10:52:08.470838+00;0;0;12;true;approved;2025-12-20 10:21:55.364+00;73a0db7e-c07e-44a0-b86f-365afe2fc0d3;2025-12-20 10:52:08.203+00;;;;4A/2025/Q3_1766226111084.xlsx
32ce0625-6b6f-43b2-a50a-6306d9e0d92c;9A;2025;4;47;20;67;;67bdc48d-86c1-460a-a0d2-352dfc11af88;2025-12-20 10:44:48.03633+00;2025-12-20 10:52:08.470838+00;0;0;11;true;approved;2025-12-20 10:44:58.523+00;73a0db7e-c07e-44a0-b86f-365afe2fc0d3;2025-12-20 10:52:08.203+00;;;;9A/2025/Q3_1766227485126.xlsx
42d7e574-71c1-4319-a341-5a7244ad5175;4A;2025;4;59;8;67;;67bdc48d-86c1-460a-a0d2-352dfc11af88;2025-12-20 10:21:53.164738+00;2025-12-20 10:52:08.470838+00;0;0;10;true;approved;2025-12-20 10:21:55.364+00;73a0db7e-c07e-44a0-b86f-365afe2fc0d3;2025-12-20 10:52:08.203+00;;;;4A/2025/Q3_1766226111084.xlsx
487ba2bd-1420-48d9-8112-dbcc7421e0d2;1A;2025;4;62;5;67;;67bdc48d-86c1-460a-a0d2-352dfc11af88;2025-12-20 09:32:02.660285+00;2025-12-20 10:52:08.470838+00;0;0;10;true;approved;2025-12-20 09:32:12.278+00;73a0db7e-c07e-44a0-b86f-365afe2fc0d3;2025-12-20 10:52:08.203+00;;;;1A/2025/Q3_1766223116299.xlsx
48154cef-deb7-46f5-aa8e-42f66ec4ef4b;2B;2025;2;59;8;67;;67bdc48d-86c1-460a-a0d2-352dfc11af88;2025-12-05 10:06:09.847042+00;2025-12-05 10:28:59.888429+00;0;0;6;true;approved;2025-12-05 10:06:17.843+00;73a0db7e-c07e-44a0-b86f-365afe2fc0d3;2025-12-05 10:28:59.76+00;;;;
585e1117-a5c2-4406-abbb-6118bbf579f3;2A;2025;2;64;3;67;;67bdc48d-86c1-460a-a0d2-352dfc11af88;2025-12-05 10:04:37.128292+00;2025-12-05 10:28:59.888429+00;0;0;6;true;approved;2025-12-05 10:05:00.017+00;73a0db7e-c07e-44a0-b86f-365afe2fc0d3;2025-12-05 10:28:59.76+00;;;;
5bb54306-50fb-4f9b-80cb-9891a1d3f5d6;4A;2025;2;64;3;67;;67bdc48d-86c1-460a-a0d2-352dfc11af88;2025-12-05 10:19:42.464981+00;2025-12-05 10:28:59.888429+00;0;0;5;true;approved;2025-12-05 10:19:51.618+00;73a0db7e-c07e-44a0-b86f-365afe2fc0d3;2025-12-05 10:28:59.76+00;;;;
7993ac7f-b33a-43dd-9041-b8bcc15bdaad;4A;2025;4;58;9;67;;67bdc48d-86c1-460a-a0d2-352dfc11af88;2025-12-20 10:21:53.164738+00;2025-12-20 10:52:08.470838+00;0;0;11;true;approved;2025-12-20 10:21:55.364+00;73a0db7e-c07e-44a0-b86f-365afe2fc0d3;2025-12-20 10:52:08.203+00;;;;4A/2025/Q3_1766226111084.xlsx
8501ef8d-b41c-4114-911b-cbbab4114de5;9A;2025;4;47;20;67;;67bdc48d-86c1-460a-a0d2-352dfc11af88;2025-12-20 10:44:48.03633+00;2025-12-20 10:52:08.470838+00;0;0;12;true;approved;2025-12-20 10:44:58.523+00;73a0db7e-c07e-44a0-b86f-365afe2fc0d3;2025-12-20 10:52:08.203+00;;;;9A/2025/Q3_1766227485126.xlsx
23ad0bb4-b2f2-42ea-96a6-6622796d8be2;17B;2025;4;49;18;67;;67bdc48d-86c1-460a-a0d2-352dfc11af88;2025-12-20 11:46:25.074772+00;2025-12-20 16:14:12.723189+00;0;0;12;true;approved;2025-12-20 11:46:26.577+00;73a0db7e-c07e-44a0-b86f-365afe2fc0d3;2025-12-20 16:14:12.551+00;;;;17B/2025/Q3_1766231182629.xlsx
32bac786-9bea-4c6c-a1f4-c66d3a06864b;20C;2025;4;49;18;67;;67bdc48d-86c1-460a-a0d2-352dfc11af88;2025-12-20 12:02:37.158058+00;2025-12-20 16:14:12.723189+00;0;0;10;true;approved;2025-12-20 12:02:39.136+00;73a0db7e-c07e-44a0-b86f-365afe2fc0d3;2025-12-20 16:14:12.551+00;;;;20C/2025/Q3_1766232153055.xlsx
6d1b73d2-af17-4fab-8529-ab05aee0376e;2B;2025;2;59;8;67;;67bdc48d-86c1-460a-a0d2-352dfc11af88;2025-12-05 10:06:09.847042+00;2025-12-05 10:28:59.888429+00;0;0;4;true;approved;2025-12-05 10:06:17.843+00;73a0db7e-c07e-44a0-b86f-365afe2fc0d3;2025-12-05 10:28:59.76+00;;;;
7e01d8c8-5195-417a-b19e-4c9b2d00af36;4A;2025;2;64;3;67;;67bdc48d-86c1-460a-a0d2-352dfc11af88;2025-12-05 10:19:42.464981+00;2025-12-05 10:28:59.888429+00;0;0;4;true;approved;2025-12-05 10:19:51.618+00;73a0db7e-c07e-44a0-b86f-365afe2fc0d3;2025-12-05 10:28:59.76+00;;;;
84f1bcf2-91ea-4e8c-adbf-d61f1970a5b6;3A;2025;2;66;1;67;;67bdc48d-86c1-460a-a0d2-352dfc11af88;2025-12-05 10:13:53.306804+00;2025-12-05 10:28:59.888429+00;0;0;4;true;approved;2025-12-05 10:13:59.051+00;73a0db7e-c07e-44a0-b86f-365afe2fc0d3;2025-12-05 10:28:59.76+00;;;;
9acd9202-6826-492d-82ff-7a608f1c2c04;3B;2025;2;61;6;67;;67bdc48d-86c1-460a-a0d2-352dfc11af88;2025-12-05 10:18:24.153866+00;2025-12-05 10:28:59.888429+00;0;0;4;true;approved;2025-12-05 10:18:32.602+00;73a0db7e-c07e-44a0-b86f-365afe2fc0d3;2025-12-05 10:28:59.76+00;;;;
9d64135f-a9a1-431c-9936-a519734acc78;5;2025;2;67;0;67;;67bdc48d-86c1-460a-a0d2-352dfc11af88;2025-12-05 10:25:07.727362+00;2025-12-05 10:28:59.888429+00;0;0;6;true;approved;2025-12-05 10:25:13.938+00;73a0db7e-c07e-44a0-b86f-365afe2fc0d3;2025-12-05 10:28:59.76+00;;;;
ac4e6fbb-35bc-4a74-8832-838e25f9ff60;5;2025;2;67;0;67;;67bdc48d-86c1-460a-a0d2-352dfc11af88;2025-12-05 10:25:07.727362+00;2025-12-05 10:28:59.888429+00;0;0;4;true;approved;2025-12-05 10:25:13.938+00;73a0db7e-c07e-44a0-b86f-365afe2fc0d3;2025-12-05 10:28:59.76+00;;;;
ac7c002b-9804-4908-b495-56c93fe73385;4A;2025;2;64;3;67;;67bdc48d-86c1-460a-a0d2-352dfc11af88;2025-12-05 10:19:42.464981+00;2025-12-05 10:28:59.888429+00;0;0;6;true;approved;2025-12-05 10:19:51.618+00;73a0db7e-c07e-44a0-b86f-365afe2fc0d3;2025-12-05 10:28:59.76+00;;;;
aefdb58b-28f1-47dc-b926-899491e1766a;3B;2025;2;60;7;67;;67bdc48d-86c1-460a-a0d2-352dfc11af88;2025-12-05 10:18:24.153866+00;2025-12-05 10:28:59.888429+00;0;0;5;true;approved;2025-12-05 10:18:32.602+00;73a0db7e-c07e-44a0-b86f-365afe2fc0d3;2025-12-05 10:28:59.76+00;;;;
b9a35b53-be21-4b46-b2cb-c1ea2f2f57c0;4B;2025;2;65;2;67;;67bdc48d-86c1-460a-a0d2-352dfc11af88;2025-12-05 10:23:02.072153+00;2025-12-05 10:28:59.888429+00;0;0;4;true;approved;2025-12-05 10:23:19.578+00;73a0db7e-c07e-44a0-b86f-365afe2fc0d3;2025-12-05 10:28:59.76+00;;;;
bb360e10-5b6c-4ae8-b234-8c54510d53f1;2B;2025;2;59;8;67;;67bdc48d-86c1-460a-a0d2-352dfc11af88;2025-12-05 10:06:09.847042+00;2025-12-05 10:28:59.888429+00;0;0;5;true;approved;2025-12-05 10:06:17.843+00;73a0db7e-c07e-44a0-b86f-365afe2fc0d3;2025-12-05 10:28:59.76+00;;;;
8bca3f2d-2b37-4fd5-bbe9-50095205fc9b;17B;2025;4;49;18;67;;67bdc48d-86c1-460a-a0d2-352dfc11af88;2025-12-20 11:46:25.074772+00;2025-12-20 16:14:12.723189+00;0;0;10;true;approved;2025-12-20 11:46:26.577+00;73a0db7e-c07e-44a0-b86f-365afe2fc0d3;2025-12-20 16:14:12.551+00;;;;17B/2025/Q3_1766231182629.xlsx
c14c8c93-ed77-457d-88aa-ed347b96a9a0;3A;2025;2;66;1;67;;67bdc48d-86c1-460a-a0d2-352dfc11af88;2025-12-05 10:13:53.306804+00;2025-12-05 10:28:59.888429+00;0;0;6;true;approved;2025-12-05 10:13:59.051+00;73a0db7e-c07e-44a0-b86f-365afe2fc0d3;2025-12-05 10:28:59.76+00;;;;
d4db1390-2eda-499e-925c-3650e8fb3f8e;2A;2025;2;65;2;67;;67bdc48d-86c1-460a-a0d2-352dfc11af88;2025-12-05 10:04:37.128292+00;2025-12-05 10:28:59.888429+00;0;0;5;true;approved;2025-12-05 10:05:00.017+00;73a0db7e-c07e-44a0-b86f-365afe2fc0d3;2025-12-05 10:28:59.76+00;;;;
d9ad0aeb-e1eb-4ce2-a60c-0adb9a841f8f;2A;2025;2;64;3;67;;67bdc48d-86c1-460a-a0d2-352dfc11af88;2025-12-05 10:04:37.128292+00;2025-12-05 10:28:59.888429+00;0;0;4;true;approved;2025-12-05 10:05:00.017+00;73a0db7e-c07e-44a0-b86f-365afe2fc0d3;2025-12-05 10:28:59.76+00;;;;
dd53d869-a8ad-4b8d-a09f-b12ec72aa176;3B;2025;2;60;7;67;;67bdc48d-86c1-460a-a0d2-352dfc11af88;2025-12-05 10:18:24.153866+00;2025-12-05 10:28:59.888429+00;0;0;6;true;approved;2025-12-05 10:18:32.602+00;73a0db7e-c07e-44a0-b86f-365afe2fc0d3;2025-12-05 10:28:59.76+00;;;;
f238038b-c01a-4b3e-a055-0f82167c3363;3A;2025;2;66;1;67;;67bdc48d-86c1-460a-a0d2-352dfc11af88;2025-12-05 10:13:53.306804+00;2025-12-05 10:28:59.888429+00;0;0;5;true;approved;2025-12-05 10:13:59.051+00;73a0db7e-c07e-44a0-b86f-365afe2fc0d3;2025-12-05 10:28:59.76+00;;;;
f25c76f5-59f9-4fa8-a5bb-47869b60c27d;4B;2025;2;64;3;67;;67bdc48d-86c1-460a-a0d2-352dfc11af88;2025-12-05 10:23:02.072153+00;2025-12-05 10:28:59.888429+00;0;0;5;true;approved;2025-12-05 10:23:19.578+00;73a0db7e-c07e-44a0-b86f-365afe2fc0d3;2025-12-05 10:28:59.76+00;;;;
f3f3cbbe-5a0d-41e8-b586-ccff9877b4cd;4B;2025;2;65;2;67;;67bdc48d-86c1-460a-a0d2-352dfc11af88;2025-12-05 10:23:02.072153+00;2025-12-05 10:28:59.888429+00;0;0;6;true;approved;2025-12-05 10:23:19.578+00;73a0db7e-c07e-44a0-b86f-365afe2fc0d3;2025-12-05 10:28:59.76+00;;;;
fde55957-7f6e-4650-b529-95e3f4704dfb;5;2025;2;65;2;67;;67bdc48d-86c1-460a-a0d2-352dfc11af88;2025-12-05 10:25:07.727362+00;2025-12-05 10:28:59.888429+00;0;0;5;true;approved;2025-12-05 10:25:13.938+00;73a0db7e-c07e-44a0-b86f-365afe2fc0d3;2025-12-05 10:28:59.76+00;;;;
47309338-8ea2-4234-8a79-f287958e998f;8;2025;2;63;4;67;;67bdc48d-86c1-460a-a0d2-352dfc11af88;2025-12-05 10:33:08.424621+00;2025-12-05 10:33:32.318244+00;0;0;6;true;approved;2025-12-05 10:33:16.369+00;73a0db7e-c07e-44a0-b86f-365afe2fc0d3;2025-12-05 10:33:32.203+00;;;;
724d10a3-4fb0-41fc-9897-0768da721d98;8;2025;2;63;4;67;;67bdc48d-86c1-460a-a0d2-352dfc11af88;2025-12-05 10:33:08.424621+00;2025-12-05 10:33:32.318244+00;0;0;5;true;approved;2025-12-05 10:33:16.369+00;73a0db7e-c07e-44a0-b86f-365afe2fc0d3;2025-12-05 10:33:32.203+00;;;;
f1338c03-616c-4bc8-a4ab-c2326b987a66;8;2025;2;63;4;67;;67bdc48d-86c1-460a-a0d2-352dfc11af88;2025-12-05 10:33:08.424621+00;2025-12-05 10:33:32.318244+00;0;0;4;true;approved;2025-12-05 10:33:16.369+00;73a0db7e-c07e-44a0-b86f-365afe2fc0d3;2025-12-05 10:33:32.203+00;;;;
4093c7ce-e32e-481e-ad82-c07af3475807;9B;2025;2;63;4;67;;67bdc48d-86c1-460a-a0d2-352dfc11af88;2025-12-05 11:01:41.381128+00;2025-12-05 11:10:36.747419+00;0;0;4;true;approved;2025-12-05 11:02:04.767+00;73a0db7e-c07e-44a0-b86f-365afe2fc0d3;2025-12-05 11:10:36.581+00;;;;
8c1001f6-afa9-497e-becb-f81a10c6f5dc;9A;2025;2;66;1;67;;67bdc48d-86c1-460a-a0d2-352dfc11af88;2025-12-05 10:45:28.781362+00;2025-12-05 11:10:36.747419+00;0;0;4;true;approved;2025-12-05 10:46:01.089+00;73a0db7e-c07e-44a0-b86f-365afe2fc0d3;2025-12-05 11:10:36.581+00;;;;
9a0bb1db-2a2d-4152-89c5-7a601d8807f6;9A;2025;2;66;1;67;;67bdc48d-86c1-460a-a0d2-352dfc11af88;2025-12-05 10:45:28.781362+00;2025-12-05 11:10:36.747419+00;0;0;6;true;approved;2025-12-05 10:46:01.089+00;73a0db7e-c07e-44a0-b86f-365afe2fc0d3;2025-12-05 11:10:36.581+00;;;;
b6fecc4c-7110-4597-a6c9-a40661ad37aa;9B;2025;2;63;4;67;;67bdc48d-86c1-460a-a0d2-352dfc11af88;2025-12-05 11:01:41.381128+00;2025-12-05 11:10:36.747419+00;0;0;6;true;approved;2025-12-05 11:02:04.767+00;73a0db7e-c07e-44a0-b86f-365afe2fc0d3;2025-12-05 11:10:36.581+00;;;;
d96caed5-38bc-493d-9224-4e5d71124ad8;9B;2025;2;63;4;67;;67bdc48d-86c1-460a-a0d2-352dfc11af88;2025-12-05 11:01:41.381128+00;2025-12-05 11:10:36.747419+00;0;0;5;true;approved;2025-12-05 11:02:04.767+00;73a0db7e-c07e-44a0-b86f-365afe2fc0d3;2025-12-05 11:10:36.581+00;;;;
e85426c5-f0b7-4809-ba26-4f471c433a64;9A;2025;2;66;1;67;;67bdc48d-86c1-460a-a0d2-352dfc11af88;2025-12-05 10:45:28.781362+00;2025-12-05 11:10:36.747419+00;0;0;5;true;approved;2025-12-05 10:46:01.089+00;73a0db7e-c07e-44a0-b86f-365afe2fc0d3;2025-12-05 11:10:36.581+00;;;;
0053c6ae-3702-4c91-b20f-249bb17d5742;20C;2025;4;49;18;67;;67bdc48d-86c1-460a-a0d2-352dfc11af88;2025-12-20 12:02:37.158058+00;2025-12-20 16:14:12.723189+00;0;0;12;true;approved;2025-12-20 12:02:39.136+00;73a0db7e-c07e-44a0-b86f-365afe2fc0d3;2025-12-20 16:14:12.551+00;;;;20C/2025/Q3_1766232153055.xlsx
28701972-dd09-4b32-a3cc-4781dd2677d2;1B;2025;4;51;16;67;;67bdc48d-86c1-460a-a0d2-352dfc11af88;2025-12-20 09:39:16.221735+00;2025-12-20 10:52:08.470838+00;0;0;10;true;approved;2025-12-20 09:39:40.798+00;73a0db7e-c07e-44a0-b86f-365afe2fc0d3;2025-12-20 10:52:08.203+00;;;;
35fad573-50f1-41a3-95dc-631222a41d3f;4B;2025;4;54;13;67;;67bdc48d-86c1-460a-a0d2-352dfc11af88;2025-12-20 10:23:43.530446+00;2025-12-20 10:52:08.470838+00;0;0;12;true;approved;2025-12-20 10:23:48.116+00;73a0db7e-c07e-44a0-b86f-365afe2fc0d3;2025-12-20 10:52:08.203+00;;;;4B/2025/Q3_1766226218967.xlsx
41e96062-10b6-40e5-b43b-628ec923c460;4B;2025;4;54;13;67;;67bdc48d-86c1-460a-a0d2-352dfc11af88;2025-12-20 10:23:43.530446+00;2025-12-20 10:52:08.470838+00;0;0;10;true;approved;2025-12-20 10:23:48.116+00;73a0db7e-c07e-44a0-b86f-365afe2fc0d3;2025-12-20 10:52:08.203+00;;;;4B/2025/Q3_1766226218967.xlsx
45ba3ad1-5507-4256-a7b0-a06619207868;4B;2025;4;54;13;67;;67bdc48d-86c1-460a-a0d2-352dfc11af88;2025-12-20 10:23:43.530446+00;2025-12-20 10:52:08.470838+00;0;0;11;true;approved;2025-12-20 10:23:48.116+00;73a0db7e-c07e-44a0-b86f-365afe2fc0d3;2025-12-20 10:52:08.203+00;;;;4B/2025/Q3_1766226218967.xlsx
5d3aee4e-13fc-461c-a578-2a137fc94537;1B;2025;4;51;16;67;;67bdc48d-86c1-460a-a0d2-352dfc11af88;2025-12-20 09:39:16.221735+00;2025-12-20 10:52:08.470838+00;0;0;11;true;approved;2025-12-20 09:39:40.798+00;73a0db7e-c07e-44a0-b86f-365afe2fc0d3;2025-12-20 10:52:08.203+00;;;;
727917e3-d2a3-44b2-81e1-2d77d163947b;1B;2025;4;50;17;67;;67bdc48d-86c1-460a-a0d2-352dfc11af88;2025-12-20 09:39:16.221735+00;2025-12-20 10:52:08.470838+00;0;0;12;true;approved;2025-12-20 09:39:40.798+00;73a0db7e-c07e-44a0-b86f-365afe2fc0d3;2025-12-20 10:52:08.203+00;;;;
7775834f-12ee-4eaa-a84f-a787881ee6dc;9B;2025;4;54;11;67;;67bdc48d-86c1-460a-a0d2-352dfc11af88;2025-12-20 10:47:18.402207+00;2025-12-20 10:52:08.470838+00;0;0;10;true;approved;2025-12-20 10:47:21.043+00;73a0db7e-c07e-44a0-b86f-365afe2fc0d3;2025-12-20 10:52:08.203+00;;;;9B/2025/Q3_1766227633232.xlsx
9021ffdd-4522-44a6-a9ed-60550dd1830d;9B;2025;4;54;13;67;;67bdc48d-86c1-460a-a0d2-352dfc11af88;2025-12-20 10:47:18.402207+00;2025-12-20 10:52:08.470838+00;0;0;11;true;approved;2025-12-20 10:47:21.043+00;73a0db7e-c07e-44a0-b86f-365afe2fc0d3;2025-12-20 10:52:08.203+00;;;;9B/2025/Q3_1766227633232.xlsx
d30f2f1a-fc68-49cb-9190-eeb8ac68885c;9B;2025;4;54;13;67;;67bdc48d-86c1-460a-a0d2-352dfc11af88;2025-12-20 10:47:18.402207+00;2025-12-20 10:52:08.470838+00;0;0;12;true;approved;2025-12-20 10:47:21.043+00;73a0db7e-c07e-44a0-b86f-365afe2fc0d3;2025-12-20 10:52:08.203+00;;;;9B/2025/Q3_1766227633232.xlsx
34e6aa7f-c89a-4dc9-bb62-056a948ea25a;18A;2025;4;50;17;67;;67bdc48d-86c1-460a-a0d2-352dfc11af88;2025-12-20 11:47:42.375004+00;2025-12-20 16:14:12.723189+00;0;0;12;true;approved;2025-12-20 11:47:57.057+00;73a0db7e-c07e-44a0-b86f-365afe2fc0d3;2025-12-20 16:14:12.551+00;;;;https://ujnxljbaapuvpnjdkick.supabase.co/storage/v1/object/public/invoices/cam-documents/18A_1765102136778.xlsx
6bfd4fa0-e15b-45b4-a25f-67fb8c5899f6;15A;2025;4;53;14;67;;67bdc48d-86c1-460a-a0d2-352dfc11af88;2025-12-20 11:23:56.237166+00;2025-12-20 16:14:12.723189+00;0;0;11;true;approved;2025-12-20 11:23:59.849+00;73a0db7e-c07e-44a0-b86f-365afe2fc0d3;2025-12-20 16:14:12.551+00;;;;15A/2025/Q3_1766229834637.xlsx
7234b5ad-cdd6-47e6-8f55-0cf2f1757eda;18A;2025;4;50;17;67;;67bdc48d-86c1-460a-a0d2-352dfc11af88;2025-12-20 11:47:42.375004+00;2025-12-20 16:14:12.723189+00;0;0;11;true;approved;2025-12-20 11:47:57.057+00;73a0db7e-c07e-44a0-b86f-365afe2fc0d3;2025-12-20 16:14:12.551+00;;;;https://ujnxljbaapuvpnjdkick.supabase.co/storage/v1/object/public/invoices/cam-documents/18A_1765102136778.xlsx
79896240-9dff-49ed-841c-fa652ef60b9e;15A;2025;4;52;15;67;;67bdc48d-86c1-460a-a0d2-352dfc11af88;2025-12-20 11:23:56.237166+00;2025-12-20 16:14:12.723189+00;0;0;12;true;approved;2025-12-20 11:23:59.849+00;73a0db7e-c07e-44a0-b86f-365afe2fc0d3;2025-12-20 16:14:12.551+00;;;;15A/2025/Q3_1766229834637.xlsx
b0287818-ef1e-4c9f-aac8-0564f9f35d69;20C;2025;4;49;18;67;;67bdc48d-86c1-460a-a0d2-352dfc11af88;2025-12-20 12:02:37.158058+00;2025-12-20 16:14:12.723189+00;0;0;11;true;approved;2025-12-20 12:02:39.136+00;73a0db7e-c07e-44a0-b86f-365afe2fc0d3;2025-12-20 16:14:12.551+00;;;;20C/2025/Q3_1766232153055.xlsx
e14ec3fd-e973-4f65-b762-a82602808245;15A;2025;4;53;14;67;;67bdc48d-86c1-460a-a0d2-352dfc11af88;2025-12-20 11:23:56.237166+00;2025-12-20 16:14:12.723189+00;0;0;10;true;approved;2025-12-20 11:23:59.849+00;73a0db7e-c07e-44a0-b86f-365afe2fc0d3;2025-12-20 16:14:12.551+00;;;;15A/2025/Q3_1766229834637.xlsx
098d97d2-b52b-4444-88da-af986eec74bc;4A;2025;3;62;5;67;;67bdc48d-86c1-460a-a0d2-352dfc11af88;2025-12-06 12:07:45.08457+00;2025-12-07 14:31:02.889+00;0;0;9;true;approved;2025-12-06 12:07:47.553+00;73a0db7e-c07e-44a0-b86f-365afe2fc0d3;2025-12-07 14:31:02.67+00;;;;
15375ec6-cb08-425c-8976-a6a87df003d4;4B;2025;3;60;7;67;;67bdc48d-86c1-460a-a0d2-352dfc11af88;2025-12-06 12:14:10.742477+00;2025-12-07 14:31:02.889+00;0;0;7;true;approved;2025-12-06 12:14:12.808+00;73a0db7e-c07e-44a0-b86f-365afe2fc0d3;2025-12-07 14:31:02.67+00;;;;
04ebca2b-0325-4740-b587-917a39637b8c;5;2025;4;60;7;67;;67bdc48d-86c1-460a-a0d2-352dfc11af88;2025-12-20 10:25:49.630186+00;2025-12-20 10:52:08.470838+00;0;0;10;true;approved;2025-12-20 10:25:52.148+00;73a0db7e-c07e-44a0-b86f-365afe2fc0d3;2025-12-20 10:52:08.203+00;;;;5/2025/Q3_1766226333545.xlsx
16d59912-6cb8-4946-a306-39876c1c25d3;9C;2025;4;55;12;67;;67bdc48d-86c1-460a-a0d2-352dfc11af88;2025-12-20 10:49:17.587023+00;2025-12-20 10:52:08.470838+00;0;0;12;true;approved;2025-12-20 10:49:19.867+00;73a0db7e-c07e-44a0-b86f-365afe2fc0d3;2025-12-20 10:52:08.203+00;;;;9C/2025/Q3_1766227755128.xlsx
2d294fea-4e9e-48c8-8698-c3d2df4eb8c1;2A;2025;4;56;11;67;;67bdc48d-86c1-460a-a0d2-352dfc11af88;2025-12-20 09:47:54.591084+00;2025-12-20 10:52:08.470838+00;0;0;12;true;approved;2025-12-20 09:47:58.949+00;73a0db7e-c07e-44a0-b86f-365afe2fc0d3;2025-12-20 10:52:08.203+00;;;;2A/2025/Q3_1766224070800.xlsx
60ee6ccc-a8a5-4dba-b319-4fb656f9fbca;5;2025;4;60;7;67;;67bdc48d-86c1-460a-a0d2-352dfc11af88;2025-12-20 10:25:49.630186+00;2025-12-20 10:52:08.470838+00;0;0;12;true;approved;2025-12-20 10:25:52.148+00;73a0db7e-c07e-44a0-b86f-365afe2fc0d3;2025-12-20 10:52:08.203+00;;;;5/2025/Q3_1766226333545.xlsx
8a0786c9-eccf-412b-a8ec-0ac1242e462a;5;2025;4;60;6;67;;67bdc48d-86c1-460a-a0d2-352dfc11af88;2025-12-20 10:25:49.630186+00;2025-12-20 10:52:08.470838+00;0;0;11;true;approved;2025-12-20 10:25:52.148+00;73a0db7e-c07e-44a0-b86f-365afe2fc0d3;2025-12-20 10:52:08.203+00;;;;5/2025/Q3_1766226333545.xlsx
a77a9d03-a4d4-4941-8845-9933aa1f848b;9C;2025;4;55;12;67;;67bdc48d-86c1-460a-a0d2-352dfc11af88;2025-12-20 10:49:17.587023+00;2025-12-20 10:52:08.470838+00;0;0;10;true;approved;2025-12-20 10:49:19.867+00;73a0db7e-c07e-44a0-b86f-365afe2fc0d3;2025-12-20 10:52:08.203+00;;;;9C/2025/Q3_1766227755128.xlsx
b5e7b028-49e8-4860-8384-bad14d1a45a4;9C;2025;4;55;12;67;;67bdc48d-86c1-460a-a0d2-352dfc11af88;2025-12-20 10:49:17.587023+00;2025-12-20 10:52:08.470838+00;0;0;11;true;approved;2025-12-20 10:49:19.867+00;73a0db7e-c07e-44a0-b86f-365afe2fc0d3;2025-12-20 10:52:08.203+00;;;;9C/2025/Q3_1766227755128.xlsx
d823542a-3810-417a-9a31-e5dbffd3c0d4;2A;2025;4;56;11;67;;67bdc48d-86c1-460a-a0d2-352dfc11af88;2025-12-20 09:47:54.591084+00;2025-12-20 10:52:08.470838+00;0;0;10;true;approved;2025-12-20 09:47:58.949+00;73a0db7e-c07e-44a0-b86f-365afe2fc0d3;2025-12-20 10:52:08.203+00;;;;2A/2025/Q3_1766224070800.xlsx
f674cf0f-4129-4f18-986d-7d410d902992;2A;2025;4;56;11;67;;67bdc48d-86c1-460a-a0d2-352dfc11af88;2025-12-20 09:47:54.591084+00;2025-12-20 10:52:08.470838+00;0;0;11;true;approved;2025-12-20 09:47:58.949+00;73a0db7e-c07e-44a0-b86f-365afe2fc0d3;2025-12-20 10:52:08.203+00;;;;2A/2025/Q3_1766224070800.xlsx
0cc67e54-3d28-46ea-bb57-207925d82605;10;2025;4;53;14;67;;67bdc48d-86c1-460a-a0d2-352dfc11af88;2025-12-20 10:54:02.058332+00;2025-12-20 10:57:05.773827+00;0;0;10;true;approved;2025-12-20 10:54:04.155+00;73a0db7e-c07e-44a0-b86f-365afe2fc0d3;2025-12-20 10:57:05.494+00;;;;10/2025/Q3_1766228040121.xlsx
91be00ff-4084-49fc-81b0-d4216de777a8;10;2025;4;53;14;67;;67bdc48d-86c1-460a-a0d2-352dfc11af88;2025-12-20 10:54:02.058332+00;2025-12-20 10:57:05.773827+00;0;0;12;true;approved;2025-12-20 10:54:04.155+00;73a0db7e-c07e-44a0-b86f-365afe2fc0d3;2025-12-20 10:57:05.494+00;;;;10/2025/Q3_1766228040121.xlsx
d128d948-8785-4ba0-a644-759e14d4cdc2;10;2025;4;53;12;67;;67bdc48d-86c1-460a-a0d2-352dfc11af88;2025-12-20 10:54:02.058332+00;2025-12-20 10:57:05.773827+00;0;0;11;true;approved;2025-12-20 10:54:04.155+00;73a0db7e-c07e-44a0-b86f-365afe2fc0d3;2025-12-20 10:57:05.494+00;;;;10/2025/Q3_1766228040121.xlsx
07bde3bb-9cd8-4def-99e6-2e725641fce5;17A;2025;4;56;11;67;;67bdc48d-86c1-460a-a0d2-352dfc11af88;2025-12-20 11:45:16.845295+00;2025-12-20 16:14:12.723189+00;0;0;10;true;approved;2025-12-20 11:45:18.497+00;73a0db7e-c07e-44a0-b86f-365afe2fc0d3;2025-12-20 16:14:12.551+00;;;;17A/2025/Q3_1766231114483.xlsx
1ed0fb97-5b1b-4c68-a4c5-6706b968e17f;15B;2025;4;47;20;67;;67bdc48d-86c1-460a-a0d2-352dfc11af88;2025-12-20 11:26:28.565847+00;2025-12-20 16:14:12.723189+00;0;0;11;true;approved;2025-12-20 11:26:30.369+00;73a0db7e-c07e-44a0-b86f-365afe2fc0d3;2025-12-20 16:14:12.551+00;;;;15B/2025/Q3_1766229987017.xlsx
24be22ee-8387-40d3-bf85-897b1e21e396;20B;2025;4;56;11;67;;67bdc48d-86c1-460a-a0d2-352dfc11af88;2025-12-20 12:01:32.269794+00;2025-12-20 16:14:12.723189+00;0;0;12;true;approved;2025-12-20 12:01:33.992+00;73a0db7e-c07e-44a0-b86f-365afe2fc0d3;2025-12-20 16:14:12.551+00;;;;20B/2025/Q3_1766232089942.xlsx
654f1efa-f16e-4fc1-845e-d5983eed3ff8;15B;2025;4;47;20;67;;67bdc48d-86c1-460a-a0d2-352dfc11af88;2025-12-20 11:26:28.565847+00;2025-12-20 16:14:12.723189+00;0;0;10;true;approved;2025-12-20 11:26:30.369+00;73a0db7e-c07e-44a0-b86f-365afe2fc0d3;2025-12-20 16:14:12.551+00;;;;15B/2025/Q3_1766229987017.xlsx
9896df70-5ad3-4fcf-a626-88a288ef369a;17A;2025;4;55;12;67;;67bdc48d-86c1-460a-a0d2-352dfc11af88;2025-12-20 11:45:16.845295+00;2025-12-20 16:14:12.723189+00;0;0;12;true;approved;2025-12-20 11:45:18.497+00;73a0db7e-c07e-44a0-b86f-365afe2fc0d3;2025-12-20 16:14:12.551+00;;;;17A/2025/Q3_1766231114483.xlsx
9fbb959b-a2de-4d6f-81ff-a5be990d92bb;17B;2025;4;49;18;67;;67bdc48d-86c1-460a-a0d2-352dfc11af88;2025-12-20 11:46:25.074772+00;2025-12-20 16:14:12.723189+00;0;0;11;true;approved;2025-12-20 11:46:26.577+00;73a0db7e-c07e-44a0-b86f-365afe2fc0d3;2025-12-20 16:14:12.551+00;;;;17B/2025/Q3_1766231182629.xlsx
9fcf2efe-9d29-4862-bbca-b740e83da1a5;18B;2025;4;59;8;67;;67bdc48d-86c1-460a-a0d2-352dfc11af88;2025-12-20 11:54:27.928821+00;2025-12-20 16:14:12.723189+00;0;0;11;true;approved;2025-12-20 11:54:29.641+00;73a0db7e-c07e-44a0-b86f-365afe2fc0d3;2025-12-20 16:14:12.551+00;;;;18B/2025/Q3_1766231664807.xlsx
cfedade1-8d57-48af-acbb-3be0c2e0a639;18B;2025;4;59;8;67;;67bdc48d-86c1-460a-a0d2-352dfc11af88;2025-12-20 11:54:27.928821+00;2025-12-20 16:14:12.723189+00;0;0;10;true;approved;2025-12-20 11:54:29.641+00;73a0db7e-c07e-44a0-b86f-365afe2fc0d3;2025-12-20 16:14:12.551+00;;;;18B/2025/Q3_1766231664807.xlsx
dee3f69a-c310-4572-9acb-091648e17641;20B;2025;4;56;11;67;;67bdc48d-86c1-460a-a0d2-352dfc11af88;2025-12-20 12:01:32.269794+00;2025-12-20 16:14:12.723189+00;0;0;10;true;approved;2025-12-20 12:01:33.992+00;73a0db7e-c07e-44a0-b86f-365afe2fc0d3;2025-12-20 16:14:12.551+00;;;;20B/2025/Q3_1766232089942.xlsx
def35462-6d07-46f3-922e-996cdaeef248;18A;2025;4;50;17;67;;67bdc48d-86c1-460a-a0d2-352dfc11af88;2025-12-20 11:47:42.375004+00;2025-12-20 16:14:12.723189+00;0;0;10;true;approved;2025-12-20 11:47:57.057+00;73a0db7e-c07e-44a0-b86f-365afe2fc0d3;2025-12-20 16:14:12.551+00;;;;https://ujnxljbaapuvpnjdkick.supabase.co/storage/v1/object/public/invoices/cam-documents/18A_1765102136778.xlsx
df6ac75e-5e37-4647-b001-8165f15c6478;20B;2025;4;56;11;67;;67bdc48d-86c1-460a-a0d2-352dfc11af88;2025-12-20 12:01:32.269794+00;2025-12-20 16:14:12.723189+00;0;0;11;true;approved;2025-12-20 12:01:33.992+00;73a0db7e-c07e-44a0-b86f-365afe2fc0d3;2025-12-20 16:14:12.551+00;;;;20B/2025/Q3_1766232089942.xlsx
ec7e91ab-5792-4ac5-969b-1dda157eaca8;18B;2025;4;57;9;67;;67bdc48d-86c1-460a-a0d2-352dfc11af88;2025-12-20 11:54:27.928821+00;2025-12-20 16:14:12.723189+00;0;0;12;true;approved;2025-12-20 11:54:29.641+00;73a0db7e-c07e-44a0-b86f-365afe2fc0d3;2025-12-20 16:14:12.551+00;;;;18B/2025/Q3_1766231664807.xlsx
fa49bdca-4cfe-43c3-a75b-b27450ce6e1c;17A;2025;4;56;11;67;;67bdc48d-86c1-460a-a0d2-352dfc11af88;2025-12-20 11:45:16.845295+00;2025-12-20 16:14:12.723189+00;0;0;11;true;approved;2025-12-20 11:45:18.497+00;73a0db7e-c07e-44a0-b86f-365afe2fc0d3;2025-12-20 16:14:12.551+00;;;;17A/2025/Q3_1766231114483.xlsx
fe707cfd-8d20-422d-b36b-dd95ebf1d403;15B;2025;4;46;21;67;;67bdc48d-86c1-460a-a0d2-352dfc11af88;2025-12-20 11:26:28.565847+00;2025-12-20 16:14:12.723189+00;0;0;12;true;approved;2025-12-20 11:26:30.369+00;73a0db7e-c07e-44a0-b86f-365afe2fc0d3;2025-12-20 16:14:12.551+00;;;;15B/2025/Q3_1766229987017.xlsx
0650c83a-a6e3-4e58-97a3-a16dae9bca03;9C;2025;3;64;3;67;;67bdc48d-86c1-460a-a0d2-352dfc11af88;2025-12-07 04:39:30.870664+00;2025-12-07 14:31:02.889+00;0;0;8;true;approved;2025-12-07 04:39:32.737+00;73a0db7e-c07e-44a0-b86f-365afe2fc0d3;2025-12-07 14:31:02.67+00;;;;
07f32e2a-9b3d-46fe-ba0b-83d2d530c2e0;9A;2025;3;63;3;67;;67bdc48d-86c1-460a-a0d2-352dfc11af88;2025-12-06 12:30:18.698382+00;2025-12-07 14:31:02.889+00;0;0;7;true;approved;2025-12-06 12:30:21.231+00;73a0db7e-c07e-44a0-b86f-365afe2fc0d3;2025-12-07 14:31:02.67+00;;;;
082891bc-ec2e-490e-96a2-8fa20d2fe7a5;13;2025;3;172;29;201;;67bdc48d-86c1-460a-a0d2-352dfc11af88;2025-12-07 04:55:33.545386+00;2025-12-07 14:31:02.889+00;0;0;8;true;approved;2025-12-07 04:55:35.216+00;73a0db7e-c07e-44a0-b86f-365afe2fc0d3;2025-12-07 14:31:02.67+00;;;;
12e809b6-416f-4155-9a1a-449ce2445166;12;2025;3;159;42;201;;67bdc48d-86c1-460a-a0d2-352dfc11af88;2025-12-07 04:51:04.180024+00;2025-12-07 14:31:02.889+00;0;0;7;true;approved;2025-12-07 04:51:05.44+00;73a0db7e-c07e-44a0-b86f-365afe2fc0d3;2025-12-07 14:31:02.67+00;;;;
25a65aa9-22d8-4460-a72d-fe6a50c1d2dc;15A;2025;3;55;12;67;;67bdc48d-86c1-460a-a0d2-352dfc11af88;2025-12-07 05:28:35.637781+00;2025-12-07 14:31:02.889+00;0;0;9;true;approved;2025-12-07 05:28:36.981+00;73a0db7e-c07e-44a0-b86f-365afe2fc0d3;2025-12-07 14:31:02.67+00;;;;
3756fa0b-7579-49d5-8f94-ba9c1eb6d5be;3B;2025;4;53;14;67;;67bdc48d-86c1-460a-a0d2-352dfc11af88;2025-12-20 10:19:00.214949+00;2025-12-20 10:52:08.470838+00;0;0;11;true;approved;2025-12-20 10:19:05.436+00;73a0db7e-c07e-44a0-b86f-365afe2fc0d3;2025-12-20 10:52:08.203+00;;;;3B/2025/Q3_1766225937000.xlsx
39db7301-5975-4735-924c-283ebbbeee27;2B;2025;4;49;18;67;;67bdc48d-86c1-460a-a0d2-352dfc11af88;2025-12-20 09:55:25.395643+00;2025-12-20 10:52:08.470838+00;0;0;10;true;approved;2025-12-20 09:55:29.868+00;73a0db7e-c07e-44a0-b86f-365afe2fc0d3;2025-12-20 10:52:08.203+00;;;;2B/2025/Q3_1766224521369.xlsx
420822c1-d61e-411c-a763-984871a24d7b;6;2025;4;53;14;67;;67bdc48d-86c1-460a-a0d2-352dfc11af88;2025-12-20 10:30:05.804721+00;2025-12-20 10:52:08.470838+00;0;0;10;true;approved;2025-12-20 10:30:08.139+00;73a0db7e-c07e-44a0-b86f-365afe2fc0d3;2025-12-20 10:52:08.203+00;;;;6/2025/Q3_1766226603432.xlsx
7bd7de16-53ac-4d19-a2fe-916a3c840405;2B;2025;4;49;18;67;;67bdc48d-86c1-460a-a0d2-352dfc11af88;2025-12-20 09:55:25.395643+00;2025-12-20 10:52:08.470838+00;0;0;11;true;approved;2025-12-20 09:55:29.868+00;73a0db7e-c07e-44a0-b86f-365afe2fc0d3;2025-12-20 10:52:08.203+00;;;;2B/2025/Q3_1766224521369.xlsx
8d1a0317-74c1-4794-84ba-8a0698a173dd;6;2025;4;53;14;67;;67bdc48d-86c1-460a-a0d2-352dfc11af88;2025-12-20 10:30:05.804721+00;2025-12-20 10:52:08.470838+00;0;0;12;true;approved;2025-12-20 10:30:08.139+00;73a0db7e-c07e-44a0-b86f-365afe2fc0d3;2025-12-20 10:52:08.203+00;;;;6/2025/Q3_1766226603432.xlsx
8f93a02a-cfb6-4354-9dce-bd4728ad0b02;6;2025;4;53;14;67;;67bdc48d-86c1-460a-a0d2-352dfc11af88;2025-12-20 10:30:05.804721+00;2025-12-20 10:52:08.470838+00;0;0;11;true;approved;2025-12-20 10:30:08.139+00;73a0db7e-c07e-44a0-b86f-365afe2fc0d3;2025-12-20 10:52:08.203+00;;;;6/2025/Q3_1766226603432.xlsx
a37f6ea1-8909-4f85-8be7-f985110c805f;1A;2025;4;60;7;67;;67bdc48d-86c1-460a-a0d2-352dfc11af88;2025-12-20 09:32:02.660285+00;2025-12-20 10:52:08.470838+00;0;0;12;true;approved;2025-12-20 09:32:12.278+00;73a0db7e-c07e-44a0-b86f-365afe2fc0d3;2025-12-20 10:52:08.203+00;;;;1A/2025/Q3_1766223116299.xlsx
a700da18-ed9a-4c1e-86a4-4d1fe423cadf;2B;2025;4;49;18;67;;67bdc48d-86c1-460a-a0d2-352dfc11af88;2025-12-20 09:55:25.395643+00;2025-12-20 10:52:08.470838+00;0;0;12;true;approved;2025-12-20 09:55:29.868+00;73a0db7e-c07e-44a0-b86f-365afe2fc0d3;2025-12-20 10:52:08.203+00;;;;2B/2025/Q3_1766224521369.xlsx
cc3be93f-8ba2-48d6-8b1e-7d183f270eea;1A;2025;4;60;7;67;;67bdc48d-86c1-460a-a0d2-352dfc11af88;2025-12-20 09:32:02.660285+00;2025-12-20 10:52:08.470838+00;0;0;11;true;approved;2025-12-20 09:32:12.278+00;73a0db7e-c07e-44a0-b86f-365afe2fc0d3;2025-12-20 10:52:08.203+00;;;;1A/2025/Q3_1766223116299.xlsx
cd3fd6a7-d82b-4c86-9f45-f22898947d33;9A;2025;4;47;20;67;;67bdc48d-86c1-460a-a0d2-352dfc11af88;2025-12-20 10:44:48.03633+00;2025-12-20 10:52:08.470838+00;0;0;10;true;approved;2025-12-20 10:44:58.523+00;73a0db7e-c07e-44a0-b86f-365afe2fc0d3;2025-12-20 10:52:08.203+00;;;;9A/2025/Q3_1766227485126.xlsx
02b8c67f-5493-46dc-ac95-db01e61a07b2;16A;2025;4;53;12;67;;67bdc48d-86c1-460a-a0d2-352dfc11af88;2025-12-20 11:28:32.414619+00;2025-12-20 16:14:12.723189+00;0;0;11;true;approved;2025-12-20 11:28:34.817+00;73a0db7e-c07e-44a0-b86f-365afe2fc0d3;2025-12-20 16:14:12.551+00;;;;16A/2025/Q3_1766230107967.xlsx
077b9553-933f-470d-b678-12017bcd6a6a;16A;2025;4;55;12;67;;67bdc48d-86c1-460a-a0d2-352dfc11af88;2025-12-20 11:28:32.414619+00;2025-12-20 16:14:12.723189+00;0;0;12;true;approved;2025-12-20 11:28:34.817+00;73a0db7e-c07e-44a0-b86f-365afe2fc0d3;2025-12-20 16:14:12.551+00;;;;16A/2025/Q3_1766230107967.xlsx
1fb46bbc-d91a-4fc1-9fc3-f35bb60c6d96;16A;2025;4;56;11;67;;67bdc48d-86c1-460a-a0d2-352dfc11af88;2025-12-20 11:28:32.414619+00;2025-12-20 16:14:12.723189+00;0;0;10;true;approved;2025-12-20 11:28:34.817+00;73a0db7e-c07e-44a0-b86f-365afe2fc0d3;2025-12-20 16:14:12.551+00;;;;16A/2025/Q3_1766230107967.xlsx
354a759e-b4c1-49ac-b712-8f25f087e5ff;19;2025;4;45;21;67;;67bdc48d-86c1-460a-a0d2-352dfc11af88;2025-12-20 11:59:16.672271+00;2025-12-20 16:14:12.723189+00;0;0;11;true;approved;2025-12-20 11:59:50.64+00;73a0db7e-c07e-44a0-b86f-365afe2fc0d3;2025-12-20 16:14:12.551+00;;;;19/2025/Q3_1766231987582.xlsx
450fc642-e9b7-4a63-97be-51654f2018cd;19;2025;4;45;22;67;;67bdc48d-86c1-460a-a0d2-352dfc11af88;2025-12-20 11:59:16.672271+00;2025-12-20 16:14:12.723189+00;0;0;12;true;approved;2025-12-20 11:59:50.64+00;73a0db7e-c07e-44a0-b86f-365afe2fc0d3;2025-12-20 16:14:12.551+00;;;;19/2025/Q3_1766231987582.xlsx
4fc02b1f-ce7d-4983-a569-9a1da432fa0d;19;2025;4;45;22;67;;67bdc48d-86c1-460a-a0d2-352dfc11af88;2025-12-20 11:59:16.672271+00;2025-12-20 16:14:12.723189+00;0;0;10;true;approved;2025-12-20 11:59:50.64+00;73a0db7e-c07e-44a0-b86f-365afe2fc0d3;2025-12-20 16:14:12.551+00;;;;19/2025/Q3_1766231987582.xlsx
500433a1-130e-42e1-a7e7-edb71138cba9;18C;2025;4;61;6;67;;67bdc48d-86c1-460a-a0d2-352dfc11af88;2025-12-20 11:58:11.88403+00;2025-12-20 16:14:12.723189+00;0;0;12;true;approved;2025-12-20 11:58:13.52+00;73a0db7e-c07e-44a0-b86f-365afe2fc0d3;2025-12-20 16:14:12.551+00;;;;18C/2025/Q3_1766231886899.xlsx
5de1a912-c700-4497-a210-d8c710814f98;18C;2025;4;62;5;67;;67bdc48d-86c1-460a-a0d2-352dfc11af88;2025-12-20 11:58:11.88403+00;2025-12-20 16:14:12.723189+00;0;0;10;true;approved;2025-12-20 11:58:13.52+00;73a0db7e-c07e-44a0-b86f-365afe2fc0d3;2025-12-20 16:14:12.551+00;;;;18C/2025/Q3_1766231886899.xlsx
b816730d-fe54-44c9-8647-942da79b0ff5;18C;2025;4;62;5;67;;67bdc48d-86c1-460a-a0d2-352dfc11af88;2025-12-20 11:58:11.88403+00;2025-12-20 16:14:12.723189+00;0;0;11;true;approved;2025-12-20 11:58:13.52+00;73a0db7e-c07e-44a0-b86f-365afe2fc0d3;2025-12-20 16:14:12.551+00;;;;18C/2025/Q3_1766231886899.xlsx
12c290b0-7ae4-4270-8ca8-e12d67bb998d;14;2025;2;175;26;201;;67bdc48d-86c1-460a-a0d2-352dfc11af88;2025-12-07 06:17:03.102844+00;2025-12-07 14:31:02.889+00;0;0;4;true;approved;2025-12-07 06:17:10.581+00;73a0db7e-c07e-44a0-b86f-365afe2fc0d3;2025-12-07 14:31:02.67+00;;;;https://ujnxljbaapuvpnjdkick.supabase.co/storage/v1/object/public/invoices/cam-documents/14_1765088220368.xlsx
14d2b0a3-c703-4523-aa12-dacd68812ce9;17B;2025;3;61;6;67;;67bdc48d-86c1-460a-a0d2-352dfc11af88;2025-12-07 05:53:01.694649+00;2025-12-07 14:31:02.889+00;0;0;8;true;approved;2025-12-07 05:53:02.987+00;73a0db7e-c07e-44a0-b86f-365afe2fc0d3;2025-12-07 14:31:02.67+00;;;;
156b7dcd-0c97-4965-a05a-8cd01f3016fc;16B;2025;3;64;3;67;;67bdc48d-86c1-460a-a0d2-352dfc11af88;2025-12-07 05:44:33.928823+00;2025-12-07 14:31:02.889+00;0;0;7;true;approved;2025-12-07 05:44:35.62+00;73a0db7e-c07e-44a0-b86f-365afe2fc0d3;2025-12-07 14:31:02.67+00;;;;
268cbf26-6087-4b31-b1d2-76357fce604a;20C;2025;3;61;6;67;;67bdc48d-86c1-460a-a0d2-352dfc11af88;2025-12-07 06:45:29.003633+00;2025-12-07 14:31:02.889+00;0;0;9;true;approved;2025-12-07 06:45:30.639+00;73a0db7e-c07e-44a0-b86f-365afe2fc0d3;2025-12-07 14:31:02.67+00;;;;
31b9959d-cf28-45be-acea-005e9cb46d4b;16B;2025;4;59;6;67;;67bdc48d-86c1-460a-a0d2-352dfc11af88;2025-12-20 11:29:35.311114+00;2025-12-20 16:14:12.723189+00;0;0;11;true;approved;2025-12-20 11:29:37.633+00;73a0db7e-c07e-44a0-b86f-365afe2fc0d3;2025-12-20 16:14:12.551+00;;;;16B/2025/Q3_1766230173007.xlsx
3979ccee-f239-4164-b989-da712f34dbff;20A;2025;4;55;12;67;;67bdc48d-86c1-460a-a0d2-352dfc11af88;2025-12-20 12:00:34.34656+00;2025-12-20 16:14:12.723189+00;0;0;11;true;approved;2025-12-20 12:00:36.456+00;73a0db7e-c07e-44a0-b86f-365afe2fc0d3;2025-12-20 16:14:12.551+00;;;;20A/2025/Q3_1766232032407.xlsx
9e3ea802-14a8-492b-b0ba-6b9e353f308d;20A;2025;4;55;12;67;;67bdc48d-86c1-460a-a0d2-352dfc11af88;2025-12-20 12:00:34.34656+00;2025-12-20 16:14:12.723189+00;0;0;12;true;approved;2025-12-20 12:00:36.456+00;73a0db7e-c07e-44a0-b86f-365afe2fc0d3;2025-12-20 16:14:12.551+00;;;;20A/2025/Q3_1766232032407.xlsx
c4be350e-6ca6-4559-8f04-72042a9dd5b6;16B;2025;4;59;8;67;;67bdc48d-86c1-460a-a0d2-352dfc11af88;2025-12-20 11:29:35.311114+00;2025-12-20 16:14:12.723189+00;0;0;12;true;approved;2025-12-20 11:29:37.633+00;73a0db7e-c07e-44a0-b86f-365afe2fc0d3;2025-12-20 16:14:12.551+00;;;;16B/2025/Q3_1766230173007.xlsx
c7021447-a4a2-4de0-96e6-6b4843623f85;20A;2025;4;55;12;67;;67bdc48d-86c1-460a-a0d2-352dfc11af88;2025-12-20 12:00:34.34656+00;2025-12-20 16:14:12.723189+00;0;0;10;true;approved;2025-12-20 12:00:36.456+00;73a0db7e-c07e-44a0-b86f-365afe2fc0d3;2025-12-20 16:14:12.551+00;;;;20A/2025/Q3_1766232032407.xlsx
e3e256b7-6220-4572-95d8-ade0c1acb8c0;16B;2025;4;59;8;67;;67bdc48d-86c1-460a-a0d2-352dfc11af88;2025-12-20 11:29:35.311114+00;2025-12-20 16:14:12.723189+00;0;0;10;true;approved;2025-12-20 11:29:37.633+00;73a0db7e-c07e-44a0-b86f-365afe2fc0d3;2025-12-20 16:14:12.551+00;;;;16B/2025/Q3_1766230173007.xlsx
00e423fa-24a2-45ea-adad-8d6fceace646;3A;2025;4;63;3;67;;67bdc48d-86c1-460a-a0d2-352dfc11af88;2025-12-20 10:15:14.676741+00;2025-12-20 10:52:08.470838+00;0;0;11;true;approved;2025-12-20 10:15:17.444+00;73a0db7e-c07e-44a0-b86f-365afe2fc0d3;2025-12-20 10:52:08.203+00;;;;3A/2025/Q3_1766225712241.xlsx
2ba22d57-a3a2-4b51-a4bd-3707c0288452;3A;2025;4;63;4;67;;67bdc48d-86c1-460a-a0d2-352dfc11af88;2025-12-20 10:15:14.676741+00;2025-12-20 10:52:08.470838+00;0;0;12;true;approved;2025-12-20 10:15:17.444+00;73a0db7e-c07e-44a0-b86f-365afe2fc0d3;2025-12-20 10:52:08.203+00;;;;3A/2025/Q3_1766225712241.xlsx
5be304fd-c885-46b3-9472-caa6b97dfec1;7;2025;4;49;18;67;;67bdc48d-86c1-460a-a0d2-352dfc11af88;2025-12-20 10:37:59.578914+00;2025-12-20 10:52:08.470838+00;0;0;11;true;approved;2025-12-20 10:38:01.907+00;73a0db7e-c07e-44a0-b86f-365afe2fc0d3;2025-12-20 10:52:08.203+00;;;;7/2025/Q3_1766227077211.xlsx
d1f0a5f2-5588-4929-ae61-ddc2d873b1f8;3A;2025;4;63;4;67;;67bdc48d-86c1-460a-a0d2-352dfc11af88;2025-12-20 10:15:14.676741+00;2025-12-20 10:52:08.470838+00;0;0;10;true;approved;2025-12-20 10:15:17.444+00;73a0db7e-c07e-44a0-b86f-365afe2fc0d3;2025-12-20 10:52:08.203+00;;;;3A/2025/Q3_1766225712241.xlsx
f056eadf-3906-4686-b5f6-1aeb0d1e4c7d;7;2025;4;49;18;67;;67bdc48d-86c1-460a-a0d2-352dfc11af88;2025-12-20 10:37:59.578914+00;2025-12-20 10:52:08.470838+00;0;0;12;true;approved;2025-12-20 10:38:01.907+00;73a0db7e-c07e-44a0-b86f-365afe2fc0d3;2025-12-20 10:52:08.203+00;;;;7/2025/Q3_1766227077211.xlsx
facfbde5-fcf7-42ae-9772-9a72730ace2b;7;2025;4;49;18;67;;67bdc48d-86c1-460a-a0d2-352dfc11af88;2025-12-20 10:37:59.578914+00;2025-12-20 10:52:08.470838+00;0;0;10;true;approved;2025-12-20 10:38:01.907+00;73a0db7e-c07e-44a0-b86f-365afe2fc0d3;2025-12-20 10:52:08.203+00;;;;7/2025/Q3_1766227077211.xlsx
62e16eb8-4b0a-49b2-99d3-ac5b00911689;11;2025;4;62;5;67;;67bdc48d-86c1-460a-a0d2-352dfc11af88;2025-12-20 10:54:56.550578+00;2025-12-20 10:57:05.773827+00;0;0;10;true;approved;2025-12-20 10:54:58.931+00;73a0db7e-c07e-44a0-b86f-365afe2fc0d3;2025-12-20 10:57:05.494+00;;;;11/2025/Q3_1766228094183.xlsx
b5644e8f-195e-4e47-99dd-b41d05894d85;11;2025;4;62;5;67;;67bdc48d-86c1-460a-a0d2-352dfc11af88;2025-12-20 10:54:56.550578+00;2025-12-20 10:57:05.773827+00;0;0;11;true;approved;2025-12-20 10:54:58.931+00;73a0db7e-c07e-44a0-b86f-365afe2fc0d3;2025-12-20 10:57:05.494+00;;;;11/2025/Q3_1766228094183.xlsx
e700c6b7-ed17-4804-812d-d1a9fd8ac6e6;11;2025;4;62;5;67;;67bdc48d-86c1-460a-a0d2-352dfc11af88;2025-12-20 10:54:56.550578+00;2025-12-20 10:57:05.773827+00;0;0;12;true;approved;2025-12-20 10:54:58.931+00;73a0db7e-c07e-44a0-b86f-365afe2fc0d3;2025-12-20 10:57:05.494+00;;;;11/2025/Q3_1766228094183.xlsx
02f2d794-b8af-4a70-8141-cb3f530fdb3c;16B;2025;2;66;1;67;;67bdc48d-86c1-460a-a0d2-352dfc11af88;2025-12-07 07:39:06.084882+00;2025-12-07 14:31:02.889+00;0;0;6;true;approved;2025-12-07 07:39:08.518+00;73a0db7e-c07e-44a0-b86f-365afe2fc0d3;2025-12-07 14:31:02.67+00;;;;https://ujnxljbaapuvpnjdkick.supabase.co/storage/v1/object/public/invoices/cam-documents/16B_1765093143370.xlsx
0dda94a0-9c61-4836-a761-9506d283a127;17B;2025;2;66;1;67;;67bdc48d-86c1-460a-a0d2-352dfc11af88;2025-12-07 09:41:27.719265+00;2025-12-07 14:31:02.889+00;0;0;4;true;approved;2025-12-07 09:41:33.045+00;73a0db7e-c07e-44a0-b86f-365afe2fc0d3;2025-12-07 14:31:02.67+00;;;;https://ujnxljbaapuvpnjdkick.supabase.co/storage/v1/object/public/invoices/cam-documents/17B_1765100483295.xlsx
00faba45-7643-4e6f-835b-60ed8a0722d5;20B;2025;2;65;2;67;;67bdc48d-86c1-460a-a0d2-352dfc11af88;2025-12-07 11:03:42.712684+00;2025-12-07 14:31:02.889+00;0;0;4;true;approved;2025-12-07 11:03:45.451+00;73a0db7e-c07e-44a0-b86f-365afe2fc0d3;2025-12-07 14:31:02.67+00;;;;https://ujnxljbaapuvpnjdkick.supabase.co/storage/v1/object/public/invoices/cam-documents/20B_1765105419201.xlsx
13684f83-fd59-4f8b-a7df-f99bec728c74;18C;2025;2;66;1;67;;67bdc48d-86c1-460a-a0d2-352dfc11af88;2025-12-07 10:27:54.763022+00;2025-12-07 14:31:02.889+00;0;0;5;true;approved;2025-12-07 10:28:40.743+00;73a0db7e-c07e-44a0-b86f-365afe2fc0d3;2025-12-07 14:31:02.67+00;;;;https://ujnxljbaapuvpnjdkick.supabase.co/storage/v1/object/public/invoices/cam-documents/18C_1765103268652.xlsx
1acb87cc-657d-42d3-908c-0ba14407e8b2;13;2025;2;182;19;201;;67bdc48d-86c1-460a-a0d2-352dfc11af88;2025-12-07 05:32:47.667826+00;2025-12-07 14:31:02.889+00;0;0;6;true;approved;2025-12-07 05:32:52.671+00;73a0db7e-c07e-44a0-b86f-365afe2fc0d3;2025-12-07 14:31:02.67+00;;;;https://ujnxljbaapuvpnjdkick.supabase.co/storage/v1/object/public/invoices/cam-documents/13_1765085564480.xlsx
1d59c808-e34d-47ba-852a-9c431996432e;16A;2025;2;66;1;67;;67bdc48d-86c1-460a-a0d2-352dfc11af88;2025-12-07 07:21:08.53563+00;2025-12-07 14:31:02.889+00;0;0;5;true;approved;2025-12-07 07:21:11+00;73a0db7e-c07e-44a0-b86f-365afe2fc0d3;2025-12-07 14:31:02.67+00;;;;https://ujnxljbaapuvpnjdkick.supabase.co/storage/v1/object/public/invoices/cam-documents/16A_1765092065027.xlsx
2332c63f-8cd3-4f6f-8788-0d6e0a4bca73;15A;2025;2;62;5;67;;67bdc48d-86c1-460a-a0d2-352dfc11af88;2025-12-07 06:46:36.463647+00;2025-12-07 14:31:02.889+00;0;0;6;true;approved;2025-12-07 06:46:39.381+00;73a0db7e-c07e-44a0-b86f-365afe2fc0d3;2025-12-07 14:31:02.67+00;;;;https://ujnxljbaapuvpnjdkick.supabase.co/storage/v1/object/public/invoices/cam-documents/15A_1765089990552.xlsx
25ac8214-d324-4758-80a6-b6239296735f;18C;2025;2;66;1;67;;67bdc48d-86c1-460a-a0d2-352dfc11af88;2025-12-07 10:27:54.763022+00;2025-12-07 14:31:02.889+00;0;0;6;true;approved;2025-12-07 10:28:40.743+00;73a0db7e-c07e-44a0-b86f-365afe2fc0d3;2025-12-07 14:31:02.67+00;;;;https://ujnxljbaapuvpnjdkick.supabase.co/storage/v1/object/public/invoices/cam-documents/18C_1765103268652.xlsx
262e0977-a621-4986-99f5-b4eebaaafd31;15B;2025;3;60;7;67;;67bdc48d-86c1-460a-a0d2-352dfc11af88;2025-12-07 05:32:44.782149+00;2025-12-07 14:31:02.889+00;0;0;7;true;approved;2025-12-07 05:32:46.493+00;73a0db7e-c07e-44a0-b86f-365afe2fc0d3;2025-12-07 14:31:02.67+00;;;;
263c639d-a219-4509-9140-5d6f43336fbd;15B;2025;2;61;6;67;;67bdc48d-86c1-460a-a0d2-352dfc11af88;2025-12-07 07:02:36.526158+00;2025-12-07 14:31:02.889+00;0;0;6;true;approved;2025-12-07 07:02:51.691+00;73a0db7e-c07e-44a0-b86f-365afe2fc0d3;2025-12-07 14:31:02.67+00;;;;https://ujnxljbaapuvpnjdkick.supabase.co/storage/v1/object/public/invoices/cam-documents/15B_1765090953399.xlsx
281c2231-5f3a-4e1e-9432-7f7061f8de44;20A;2025;2;66;1;67;;67bdc48d-86c1-460a-a0d2-352dfc11af88;2025-12-07 10:59:08.321583+00;2025-12-07 14:31:02.889+00;0;0;4;true;approved;2025-12-07 10:59:12.633+00;73a0db7e-c07e-44a0-b86f-365afe2fc0d3;2025-12-07 14:31:02.67+00;;;;https://ujnxljbaapuvpnjdkick.supabase.co/storage/v1/object/public/invoices/cam-documents/20A_1765105144740.xlsx
2b047413-cc9f-47c7-a9e6-554e443e3064;18A;2025;3;60;7;67;;67bdc48d-86c1-460a-a0d2-352dfc11af88;2025-12-07 05:58:18.014009+00;2025-12-07 14:31:02.889+00;0;0;7;true;approved;2025-12-07 05:58:21.419+00;73a0db7e-c07e-44a0-b86f-365afe2fc0d3;2025-12-07 14:31:02.67+00;;;;
2c7b178a-4e1d-405e-aa4e-bd534e9c0286;9C;2025;2;65;2;67;;67bdc48d-86c1-460a-a0d2-352dfc11af88;2025-12-07 04:47:59.33385+00;2025-12-07 14:31:02.889+00;0;0;6;true;approved;2025-12-07 04:48:07.081+00;73a0db7e-c07e-44a0-b86f-365afe2fc0d3;2025-12-07 14:31:02.67+00;;;;https://ujnxljbaapuvpnjdkick.supabase.co/storage/v1/object/public/invoices/cam-documents/9C_1765082874805.xlsx
2d0ac27f-7582-4f0e-9ab8-85a5b3987cee;10;2025;2;65;2;67;;67bdc48d-86c1-460a-a0d2-352dfc11af88;2025-12-07 04:51:02.677551+00;2025-12-07 14:31:02.889+00;0;0;4;true;approved;2025-12-07 04:51:10.434+00;73a0db7e-c07e-44a0-b86f-365afe2fc0d3;2025-12-07 14:31:02.67+00;;;;https://ujnxljbaapuvpnjdkick.supabase.co/storage/v1/object/public/invoices/cam-documents/10_1765083057545.xlsx
30427e58-1c2c-4870-b991-1e0114bbf61a;20A;2025;2;66;1;67;;67bdc48d-86c1-460a-a0d2-352dfc11af88;2025-12-07 10:59:08.321583+00;2025-12-07 14:31:02.889+00;0;0;6;true;approved;2025-12-07 10:59:12.633+00;73a0db7e-c07e-44a0-b86f-365afe2fc0d3;2025-12-07 14:31:02.67+00;;;;https://ujnxljbaapuvpnjdkick.supabase.co/storage/v1/object/public/invoices/cam-documents/20A_1765105144740.xlsx
31b0eec4-97ef-48db-817e-ac239d7fdef8;3B;2025;3;57;10;67;;67bdc48d-86c1-460a-a0d2-352dfc11af88;2025-12-06 12:03:38.897332+00;2025-12-07 14:31:02.889+00;0;0;8;true;approved;2025-12-06 12:03:41.169+00;73a0db7e-c07e-44a0-b86f-365afe2fc0d3;2025-12-07 14:31:02.67+00;;;;
33e96911-b8da-42bf-8f33-057bd68b231b;9B;2025;3;59;8;67;;67bdc48d-86c1-460a-a0d2-352dfc11af88;2025-12-07 04:25:02.711138+00;2025-12-07 14:31:02.889+00;0;0;9;true;approved;2025-12-07 04:25:04.338+00;73a0db7e-c07e-44a0-b86f-365afe2fc0d3;2025-12-07 14:31:02.67+00;;;;
34035de2-5937-4ac5-8685-e0987ad581f7;18A;2025;2;62;5;67;;67bdc48d-86c1-460a-a0d2-352dfc11af88;2025-12-07 10:08:59.147989+00;2025-12-07 14:31:02.889+00;0;0;4;true;approved;2025-12-07 10:09:02.274+00;73a0db7e-c07e-44a0-b86f-365afe2fc0d3;2025-12-07 14:31:02.67+00;;;;https://ujnxljbaapuvpnjdkick.supabase.co/storage/v1/object/public/invoices/cam-documents/18A_1765102136778.xlsx
375f3b39-3da5-44ef-bb4c-469c8823450e;19;2025;2;65;2;67;;67bdc48d-86c1-460a-a0d2-352dfc11af88;2025-12-07 10:37:52.734874+00;2025-12-07 14:31:02.889+00;0;0;6;true;approved;2025-12-07 10:37:55.845+00;73a0db7e-c07e-44a0-b86f-365afe2fc0d3;2025-12-07 14:31:02.67+00;;;;https://ujnxljbaapuvpnjdkick.supabase.co/storage/v1/object/public/invoices/cam-documents/19_1765103869999.xlsx
3811cb97-4a20-4e04-9cb6-907093bf2acb;12;2025;2;176;25;201;;67bdc48d-86c1-460a-a0d2-352dfc11af88;2025-12-07 05:20:36.613043+00;2025-12-07 14:31:02.889+00;0;0;5;true;approved;2025-12-07 05:21:22.316+00;73a0db7e-c07e-44a0-b86f-365afe2fc0d3;2025-12-07 14:31:02.67+00;;;;https://ujnxljbaapuvpnjdkick.supabase.co/storage/v1/object/public/invoices/cam-documents/12_1765084872028.xlsx
3889b89e-b25b-4669-aac8-728638ac42c7;20C;2025;3;61;6;67;;67bdc48d-86c1-460a-a0d2-352dfc11af88;2025-12-07 06:45:29.003633+00;2025-12-07 14:31:02.889+00;0;0;8;true;approved;2025-12-07 06:45:30.639+00;73a0db7e-c07e-44a0-b86f-365afe2fc0d3;2025-12-07 14:31:02.67+00;;;;
3a8ae480-0e70-4ec8-8036-e73c80cdcb64;5;2025;3;66;1;67;;67bdc48d-86c1-460a-a0d2-352dfc11af88;2025-12-06 12:15:14.824427+00;2025-12-07 14:31:02.889+00;0;0;7;true;approved;2025-12-06 12:15:17.912+00;73a0db7e-c07e-44a0-b86f-365afe2fc0d3;2025-12-07 14:31:02.67+00;;;;
3dd22bb2-26fa-467a-9ceb-5ec8b9ada31c;20B;2025;2;65;2;67;;67bdc48d-86c1-460a-a0d2-352dfc11af88;2025-12-07 11:03:42.712684+00;2025-12-07 14:31:02.889+00;0;0;5;true;approved;2025-12-07 11:03:45.451+00;73a0db7e-c07e-44a0-b86f-365afe2fc0d3;2025-12-07 14:31:02.67+00;;;;https://ujnxljbaapuvpnjdkick.supabase.co/storage/v1/object/public/invoices/cam-documents/20B_1765105419201.xlsx
40261e1a-1cc9-4080-927a-0444142fe8b9;18A;2025;2;62;5;67;;67bdc48d-86c1-460a-a0d2-352dfc11af88;2025-12-07 10:08:59.147989+00;2025-12-07 14:31:02.889+00;0;0;6;true;approved;2025-12-07 10:09:02.274+00;73a0db7e-c07e-44a0-b86f-365afe2fc0d3;2025-12-07 14:31:02.67+00;;;;https://ujnxljbaapuvpnjdkick.supabase.co/storage/v1/object/public/invoices/cam-documents/18A_1765102136778.xlsx
40577b91-ec21-4348-a3dc-a42db062cb60;19;2025;2;64;3;67;;67bdc48d-86c1-460a-a0d2-352dfc11af88;2025-12-07 10:37:52.734874+00;2025-12-07 14:31:02.889+00;0;0;5;true;approved;2025-12-07 10:37:55.845+00;73a0db7e-c07e-44a0-b86f-365afe2fc0d3;2025-12-07 14:31:02.67+00;;;;https://ujnxljbaapuvpnjdkick.supabase.co/storage/v1/object/public/invoices/cam-documents/19_1765103869999.xlsx
4158f3b5-614f-4954-a439-2d0687af8ac2;17A;2025;3;67;0;67;;67bdc48d-86c1-460a-a0d2-352dfc11af88;2025-12-07 05:48:56.861844+00;2025-12-07 14:31:02.889+00;0;0;8;true;approved;2025-12-07 05:48:58.547+00;73a0db7e-c07e-44a0-b86f-365afe2fc0d3;2025-12-07 14:31:02.67+00;;;;
415ff0ab-e4e9-4065-927d-77f2d34b0f20;16B;2025;3;64;3;67;;67bdc48d-86c1-460a-a0d2-352dfc11af88;2025-12-07 05:44:33.928823+00;2025-12-07 14:31:02.889+00;0;0;8;true;approved;2025-12-07 05:44:35.62+00;73a0db7e-c07e-44a0-b86f-365afe2fc0d3;2025-12-07 14:31:02.67+00;;;;
4855296e-c64b-4df9-8c60-548542913fb3;6;2025;3;67;0;67;;67bdc48d-86c1-460a-a0d2-352dfc11af88;2025-12-06 12:15:54.253224+00;2025-12-07 14:31:02.889+00;0;0;9;true;approved;2025-12-06 12:15:56.648+00;73a0db7e-c07e-44a0-b86f-365afe2fc0d3;2025-12-07 14:31:02.67+00;;;;
493b9a06-e7cd-48c2-8099-a6e48168e5ef;15B;2025;3;60;7;67;;67bdc48d-86c1-460a-a0d2-352dfc11af88;2025-12-07 05:32:44.782149+00;2025-12-07 14:31:02.889+00;0;0;9;true;approved;2025-12-07 05:32:46.493+00;73a0db7e-c07e-44a0-b86f-365afe2fc0d3;2025-12-07 14:31:02.67+00;;;;
497a5274-cb8c-4b26-9b4e-57526e6f3b8b;16A;2025;2;66;1;67;;67bdc48d-86c1-460a-a0d2-352dfc11af88;2025-12-07 07:21:08.53563+00;2025-12-07 14:31:02.889+00;0;0;6;true;approved;2025-12-07 07:21:11+00;73a0db7e-c07e-44a0-b86f-365afe2fc0d3;2025-12-07 14:31:02.67+00;;;;https://ujnxljbaapuvpnjdkick.supabase.co/storage/v1/object/public/invoices/cam-documents/16A_1765092065027.xlsx
4a2fb907-e395-4570-ab92-7083b58bd4a2;3A;2025;3;66;1;67;;67bdc48d-86c1-460a-a0d2-352dfc11af88;2025-12-06 11:36:38.149194+00;2025-12-07 14:31:02.889+00;0;0;8;true;approved;2025-12-06 11:36:40.489+00;73a0db7e-c07e-44a0-b86f-365afe2fc0d3;2025-12-07 14:31:02.67+00;;;;
4cc08f7a-a34b-4288-854a-24b9e0c8c252;17A;2025;3;67;0;67;;67bdc48d-86c1-460a-a0d2-352dfc11af88;2025-12-07 05:48:56.861844+00;2025-12-07 14:31:02.889+00;0;0;7;true;approved;2025-12-07 05:48:58.547+00;73a0db7e-c07e-44a0-b86f-365afe2fc0d3;2025-12-07 14:31:02.67+00;;;;
4ce3df73-e7c7-4671-bba4-09f58a680865;15A;2025;2;61;6;67;;67bdc48d-86c1-460a-a0d2-352dfc11af88;2025-12-07 06:46:36.463647+00;2025-12-07 14:31:02.889+00;0;0;5;true;approved;2025-12-07 06:46:39.381+00;73a0db7e-c07e-44a0-b86f-365afe2fc0d3;2025-12-07 14:31:02.67+00;;;;https://ujnxljbaapuvpnjdkick.supabase.co/storage/v1/object/public/invoices/cam-documents/15A_1765089990552.xlsx
4da920c2-863d-45a8-897d-a1ceb181b3dc;20A;2025;3;64;3;67;;67bdc48d-86c1-460a-a0d2-352dfc11af88;2025-12-07 06:34:07.421057+00;2025-12-07 14:31:02.889+00;0;0;7;true;approved;2025-12-07 06:34:08.824+00;73a0db7e-c07e-44a0-b86f-365afe2fc0d3;2025-12-07 14:31:02.67+00;;;;
56bcda69-de08-43f8-87d3-08ae07e30d7e;3B;2025;4;53;14;67;;67bdc48d-86c1-460a-a0d2-352dfc11af88;2025-12-20 10:19:00.214949+00;2025-12-20 10:52:08.470838+00;0;0;10;true;approved;2025-12-20 10:19:05.436+00;73a0db7e-c07e-44a0-b86f-365afe2fc0d3;2025-12-20 10:52:08.203+00;;;;3B/2025/Q3_1766225937000.xlsx
50ea3f31-e04a-48e0-800f-69a470a8530e;11;2025;3;65;2;201;;67bdc48d-86c1-460a-a0d2-352dfc11af88;2025-12-07 04:43:54.983659+00;2025-12-07 14:31:02.889+00;0;0;8;true;approved;2025-12-07 04:43:56.377+00;73a0db7e-c07e-44a0-b86f-365afe2fc0d3;2025-12-07 14:31:02.67+00;;;;
5172efcb-252e-4e28-8ce3-9900b26fe230;1B;2025;3;60;7;67;;67bdc48d-86c1-460a-a0d2-352dfc11af88;2025-12-06 09:53:12.870355+00;2025-12-07 14:31:02.889+00;0;0;7;true;approved;2025-12-06 09:53:15.011+00;73a0db7e-c07e-44a0-b86f-365afe2fc0d3;2025-12-07 14:31:02.67+00;;;;
51a50dbd-44f4-41aa-9aba-e4e69810652e;4B;2025;3;60;7;67;;67bdc48d-86c1-460a-a0d2-352dfc11af88;2025-12-06 12:14:10.742477+00;2025-12-07 14:31:02.889+00;0;0;8;true;approved;2025-12-06 12:14:12.808+00;73a0db7e-c07e-44a0-b86f-365afe2fc0d3;2025-12-07 14:31:02.67+00;;;;
545bc33c-e06c-47e6-8231-8c079584aece;15A;2025;2;62;5;67;;67bdc48d-86c1-460a-a0d2-352dfc11af88;2025-12-07 06:46:36.463647+00;2025-12-07 14:31:02.889+00;0;0;4;true;approved;2025-12-07 06:46:39.381+00;73a0db7e-c07e-44a0-b86f-365afe2fc0d3;2025-12-07 14:31:02.67+00;;;;https://ujnxljbaapuvpnjdkick.supabase.co/storage/v1/object/public/invoices/cam-documents/15A_1765089990552.xlsx
54d771dc-5cf1-4f3e-8ba5-c061c27ac004;19;2025;3;62;5;67;;67bdc48d-86c1-460a-a0d2-352dfc11af88;2025-12-07 06:29:31.781391+00;2025-12-07 14:31:02.889+00;0;0;7;true;approved;2025-12-07 06:29:33.192+00;73a0db7e-c07e-44a0-b86f-365afe2fc0d3;2025-12-07 14:31:02.67+00;;;;
5b4ec47d-5db1-4863-ba39-32dfa864b409;20A;2025;2;66;1;67;;67bdc48d-86c1-460a-a0d2-352dfc11af88;2025-12-07 10:59:08.321583+00;2025-12-07 14:31:02.889+00;0;0;5;true;approved;2025-12-07 10:59:12.633+00;73a0db7e-c07e-44a0-b86f-365afe2fc0d3;2025-12-07 14:31:02.67+00;;;;https://ujnxljbaapuvpnjdkick.supabase.co/storage/v1/object/public/invoices/cam-documents/20A_1765105144740.xlsx
5b9a77d3-f717-4865-be60-89d3f96d04dc;2A;2025;3;62;5;67;;67bdc48d-86c1-460a-a0d2-352dfc11af88;2025-12-06 11:12:21.176869+00;2025-12-07 14:31:02.889+00;0;0;7;true;approved;2025-12-06 11:12:24.467+00;73a0db7e-c07e-44a0-b86f-365afe2fc0d3;2025-12-07 14:31:02.67+00;;;;
5ccbafd4-b0e6-4e4d-8986-766e7c30c2bf;15B;2025;2;61;6;67;;67bdc48d-86c1-460a-a0d2-352dfc11af88;2025-12-07 07:02:36.526158+00;2025-12-07 14:31:02.889+00;0;0;4;true;approved;2025-12-07 07:02:51.691+00;73a0db7e-c07e-44a0-b86f-365afe2fc0d3;2025-12-07 14:31:02.67+00;;;;https://ujnxljbaapuvpnjdkick.supabase.co/storage/v1/object/public/invoices/cam-documents/15B_1765090953399.xlsx
5d2b9e31-3d9b-4fd0-aec6-0bca69d7ddba;17A;2025;2;66;1;67;;67bdc48d-86c1-460a-a0d2-352dfc11af88;2025-12-07 07:44:44.551635+00;2025-12-07 14:31:02.889+00;0;0;5;true;approved;2025-12-07 07:44:47.802+00;73a0db7e-c07e-44a0-b86f-365afe2fc0d3;2025-12-07 14:31:02.67+00;;;;https://ujnxljbaapuvpnjdkick.supabase.co/storage/v1/object/public/invoices/cam-documents/17A_1765093481664.xlsx
5d641488-cb1c-4de1-8cff-f1ee551a76e0;10;2025;2;65;2;67;;67bdc48d-86c1-460a-a0d2-352dfc11af88;2025-12-07 04:51:02.677551+00;2025-12-07 14:31:02.889+00;0;0;6;true;approved;2025-12-07 04:51:10.434+00;73a0db7e-c07e-44a0-b86f-365afe2fc0d3;2025-12-07 14:31:02.67+00;;;;https://ujnxljbaapuvpnjdkick.supabase.co/storage/v1/object/public/invoices/cam-documents/10_1765083057545.xlsx
5ecc196f-5175-4f5f-93b6-6f500a082cec;13;2025;3;171;30;201;;67bdc48d-86c1-460a-a0d2-352dfc11af88;2025-12-07 04:55:33.545386+00;2025-12-07 14:31:02.889+00;0;0;9;true;approved;2025-12-07 04:55:35.216+00;73a0db7e-c07e-44a0-b86f-365afe2fc0d3;2025-12-07 14:31:02.67+00;;;;
5fc8c576-8f66-4191-aac0-7d9cb30f5928;6;2025;3;67;0;67;;67bdc48d-86c1-460a-a0d2-352dfc11af88;2025-12-06 12:15:54.253224+00;2025-12-07 14:31:02.889+00;0;0;7;true;approved;2025-12-06 12:15:56.648+00;73a0db7e-c07e-44a0-b86f-365afe2fc0d3;2025-12-07 14:31:02.67+00;;;;
6023eeba-64e1-4d1e-9e4d-b23c85c58ad9;18B;2025;3;64;3;67;;67bdc48d-86c1-460a-a0d2-352dfc11af88;2025-12-07 06:24:25.940062+00;2025-12-07 14:31:02.889+00;0;0;9;true;approved;2025-12-07 06:24:27.441+00;73a0db7e-c07e-44a0-b86f-365afe2fc0d3;2025-12-07 14:31:02.67+00;;;;
63ae9ef9-73c4-4d52-a2c4-ed9d3d154a71;16B;2025;2;66;1;67;;67bdc48d-86c1-460a-a0d2-352dfc11af88;2025-12-07 07:39:06.084882+00;2025-12-07 14:31:02.889+00;0;0;4;true;approved;2025-12-07 07:39:08.518+00;73a0db7e-c07e-44a0-b86f-365afe2fc0d3;2025-12-07 14:31:02.67+00;;;;https://ujnxljbaapuvpnjdkick.supabase.co/storage/v1/object/public/invoices/cam-documents/16B_1765093143370.xlsx
64bda9ba-1a0d-4459-a4b3-aa5d7c88a60e;15B;2025;3;60;7;67;;67bdc48d-86c1-460a-a0d2-352dfc11af88;2025-12-07 05:32:44.782149+00;2025-12-07 14:31:02.889+00;0;0;8;true;approved;2025-12-07 05:32:46.493+00;73a0db7e-c07e-44a0-b86f-365afe2fc0d3;2025-12-07 14:31:02.67+00;;;;
65ddecba-0996-41ce-9da4-de227137d1ce;17A;2025;3;66;1;67;;67bdc48d-86c1-460a-a0d2-352dfc11af88;2025-12-07 05:48:56.861844+00;2025-12-07 14:31:02.889+00;0;0;9;true;approved;2025-12-07 05:48:58.547+00;73a0db7e-c07e-44a0-b86f-365afe2fc0d3;2025-12-07 14:31:02.67+00;;;;
68029a21-ccbf-48e9-a058-6f23d6dba556;18A;2025;3;60;7;67;;67bdc48d-86c1-460a-a0d2-352dfc11af88;2025-12-07 05:58:18.014009+00;2025-12-07 14:31:02.889+00;0;0;8;true;approved;2025-12-07 05:58:21.419+00;73a0db7e-c07e-44a0-b86f-365afe2fc0d3;2025-12-07 14:31:02.67+00;;;;
69857d8d-5aa2-4c20-a648-87dcb4a54108;7;2025;3;65;2;67;;67bdc48d-86c1-460a-a0d2-352dfc11af88;2025-12-06 12:17:54.732816+00;2025-12-07 14:31:02.889+00;0;0;8;true;approved;2025-12-06 12:17:57.424+00;73a0db7e-c07e-44a0-b86f-365afe2fc0d3;2025-12-07 14:31:02.67+00;;;;
699de4e7-7add-453e-9209-20f8c439f8bb;1A;2025;3;65;2;67;;67bdc48d-86c1-460a-a0d2-352dfc11af88;2025-12-06 09:37:03.803934+00;2025-12-07 14:31:02.889+00;0;0;7;true;approved;2025-12-06 09:37:09.684+00;73a0db7e-c07e-44a0-b86f-365afe2fc0d3;2025-12-07 14:31:02.67+00;;;;
6abb3357-f886-43dd-a190-794bd016fb49;5;2025;3;66;1;67;;67bdc48d-86c1-460a-a0d2-352dfc11af88;2025-12-06 12:15:14.824427+00;2025-12-07 14:31:02.889+00;0;0;8;true;approved;2025-12-06 12:15:17.912+00;73a0db7e-c07e-44a0-b86f-365afe2fc0d3;2025-12-07 14:31:02.67+00;;;;
6ba1286d-c7c2-4990-b5df-c8e918d626e2;8;2025;3;60;7;67;;67bdc48d-86c1-460a-a0d2-352dfc11af88;2025-12-06 12:20:12.279023+00;2025-12-07 14:31:02.889+00;0;0;9;true;approved;2025-12-06 12:20:20.984+00;73a0db7e-c07e-44a0-b86f-365afe2fc0d3;2025-12-07 14:31:02.67+00;;;;
6e7fbb98-f0c5-4b9f-8188-c8b53f84cb55;5;2025;3;66;1;67;;67bdc48d-86c1-460a-a0d2-352dfc11af88;2025-12-06 12:15:14.824427+00;2025-12-07 14:31:02.889+00;0;0;9;true;approved;2025-12-06 12:15:17.912+00;73a0db7e-c07e-44a0-b86f-365afe2fc0d3;2025-12-07 14:31:02.67+00;;;;
6eac5f22-f1b7-4de3-b0b7-271253f2793e;9B;2025;3;59;8;67;;67bdc48d-86c1-460a-a0d2-352dfc11af88;2025-12-07 04:25:02.711138+00;2025-12-07 14:31:02.889+00;0;0;7;true;approved;2025-12-07 04:25:04.338+00;73a0db7e-c07e-44a0-b86f-365afe2fc0d3;2025-12-07 14:31:02.67+00;;;;
6f3dffd2-d518-4e4a-9628-8423dc853151;20B;2025;3;62;5;67;;67bdc48d-86c1-460a-a0d2-352dfc11af88;2025-12-07 06:37:06.527209+00;2025-12-07 14:31:02.889+00;0;0;8;true;approved;2025-12-07 06:37:07.792+00;73a0db7e-c07e-44a0-b86f-365afe2fc0d3;2025-12-07 14:31:02.67+00;;;;
6f83d70e-d33c-4e77-be66-9dd496eea7c0;2A;2025;3;62;5;67;;67bdc48d-86c1-460a-a0d2-352dfc11af88;2025-12-06 11:12:21.176869+00;2025-12-07 14:31:02.889+00;0;0;8;true;approved;2025-12-06 11:12:24.467+00;73a0db7e-c07e-44a0-b86f-365afe2fc0d3;2025-12-07 14:31:02.67+00;;;;
7136d321-902a-4357-abf3-a3f406bc93e4;15A;2025;3;55;12;67;;67bdc48d-86c1-460a-a0d2-352dfc11af88;2025-12-07 05:28:35.637781+00;2025-12-07 14:31:02.889+00;0;0;7;true;approved;2025-12-07 05:28:36.981+00;73a0db7e-c07e-44a0-b86f-365afe2fc0d3;2025-12-07 14:31:02.67+00;;;;
752456e1-e593-4480-875f-d9aaf3ac5737;20C;2025;3;61;6;67;;67bdc48d-86c1-460a-a0d2-352dfc11af88;2025-12-07 06:45:29.003633+00;2025-12-07 14:31:02.889+00;0;0;7;true;approved;2025-12-07 06:45:30.639+00;73a0db7e-c07e-44a0-b86f-365afe2fc0d3;2025-12-07 14:31:02.67+00;;;;
7a45ce88-159f-466f-9ac5-e72c415236ea;20A;2025;3;64;3;67;;67bdc48d-86c1-460a-a0d2-352dfc11af88;2025-12-07 06:34:07.421057+00;2025-12-07 14:31:02.889+00;0;0;9;true;approved;2025-12-07 06:34:08.824+00;73a0db7e-c07e-44a0-b86f-365afe2fc0d3;2025-12-07 14:31:02.67+00;;;;
7bff7aa9-26c7-4024-827e-72bfd2661506;12;2025;2;173;23;201;;67bdc48d-86c1-460a-a0d2-352dfc11af88;2025-12-07 05:20:36.613043+00;2025-12-07 14:31:02.889+00;0;0;6;true;approved;2025-12-07 05:21:22.316+00;73a0db7e-c07e-44a0-b86f-365afe2fc0d3;2025-12-07 14:31:02.67+00;;;;https://ujnxljbaapuvpnjdkick.supabase.co/storage/v1/object/public/invoices/cam-documents/12_1765084872028.xlsx
7cc9719c-30f3-4041-a817-0fa57cf40635;16A;2025;2;66;1;67;;67bdc48d-86c1-460a-a0d2-352dfc11af88;2025-12-07 07:21:08.53563+00;2025-12-07 14:31:02.889+00;0;0;4;true;approved;2025-12-07 07:21:11+00;73a0db7e-c07e-44a0-b86f-365afe2fc0d3;2025-12-07 14:31:02.67+00;;;;https://ujnxljbaapuvpnjdkick.supabase.co/storage/v1/object/public/invoices/cam-documents/16A_1765092065027.xlsx
7dece366-1308-481d-9711-696e9761bb29;20B;2025;3;62;5;67;;67bdc48d-86c1-460a-a0d2-352dfc11af88;2025-12-07 06:37:06.527209+00;2025-12-07 14:31:02.889+00;0;0;9;true;approved;2025-12-07 06:37:07.792+00;73a0db7e-c07e-44a0-b86f-365afe2fc0d3;2025-12-07 14:31:02.67+00;;;;
7e4d2a47-9d8e-44eb-a87d-41f453dcd46e;11;2025;2;67;0;67;;67bdc48d-86c1-460a-a0d2-352dfc11af88;2025-12-07 04:53:36.431806+00;2025-12-07 14:31:02.889+00;0;0;5;true;approved;2025-12-07 04:53:39.395+00;73a0db7e-c07e-44a0-b86f-365afe2fc0d3;2025-12-07 14:31:02.67+00;;;;https://ujnxljbaapuvpnjdkick.supabase.co/storage/v1/object/public/invoices/cam-documents/11_1765083207474.xlsx
806e9511-1005-4fc0-a720-9027a9dc7aa5;18B;2025;3;64;3;67;;67bdc48d-86c1-460a-a0d2-352dfc11af88;2025-12-07 06:24:25.940062+00;2025-12-07 14:31:02.889+00;0;0;7;true;approved;2025-12-07 06:24:27.441+00;73a0db7e-c07e-44a0-b86f-365afe2fc0d3;2025-12-07 14:31:02.67+00;;;;
81b75f82-ca95-4566-b008-6e66c49a3757;18A;2025;3;60;7;67;;67bdc48d-86c1-460a-a0d2-352dfc11af88;2025-12-07 05:58:18.014009+00;2025-12-07 14:31:02.889+00;0;0;9;true;approved;2025-12-07 05:58:21.419+00;73a0db7e-c07e-44a0-b86f-365afe2fc0d3;2025-12-07 14:31:02.67+00;;;;
81c1a375-4671-4f28-85dc-cdc73706a7ca;11;2025;2;67;0;67;;67bdc48d-86c1-460a-a0d2-352dfc11af88;2025-12-07 04:53:36.431806+00;2025-12-07 14:31:02.889+00;0;0;6;true;approved;2025-12-07 04:53:39.395+00;73a0db7e-c07e-44a0-b86f-365afe2fc0d3;2025-12-07 14:31:02.67+00;;;;https://ujnxljbaapuvpnjdkick.supabase.co/storage/v1/object/public/invoices/cam-documents/11_1765083207474.xlsx
877f816e-b69c-4d7c-85a8-f256e86c071b;13;2025;2;182;19;201;;67bdc48d-86c1-460a-a0d2-352dfc11af88;2025-12-07 05:32:47.667826+00;2025-12-07 14:31:02.889+00;0;0;4;true;approved;2025-12-07 05:32:52.671+00;73a0db7e-c07e-44a0-b86f-365afe2fc0d3;2025-12-07 14:31:02.67+00;;;;https://ujnxljbaapuvpnjdkick.supabase.co/storage/v1/object/public/invoices/cam-documents/13_1765085564480.xlsx
881fab1e-c601-48c2-89fa-487f5c8dd391;1B;2025;3;61;6;67;;67bdc48d-86c1-460a-a0d2-352dfc11af88;2025-12-06 09:53:12.870355+00;2025-12-07 14:31:02.889+00;0;0;8;true;approved;2025-12-06 09:53:15.011+00;73a0db7e-c07e-44a0-b86f-365afe2fc0d3;2025-12-07 14:31:02.67+00;;;;
882682c7-ddf9-4459-bcff-92e77c93507d;19;2025;3;62;5;67;;67bdc48d-86c1-460a-a0d2-352dfc11af88;2025-12-07 06:29:31.781391+00;2025-12-07 14:31:02.889+00;0;0;9;true;approved;2025-12-07 06:29:33.192+00;73a0db7e-c07e-44a0-b86f-365afe2fc0d3;2025-12-07 14:31:02.67+00;;;;
89a4b96d-e6a6-454f-b173-55c313c5ea75;18A;2025;2;62;5;67;;67bdc48d-86c1-460a-a0d2-352dfc11af88;2025-12-07 10:08:59.147989+00;2025-12-07 14:31:02.889+00;0;0;5;true;approved;2025-12-07 10:09:02.274+00;73a0db7e-c07e-44a0-b86f-365afe2fc0d3;2025-12-07 14:31:02.67+00;;;;https://ujnxljbaapuvpnjdkick.supabase.co/storage/v1/object/public/invoices/cam-documents/18A_1765102136778.xlsx
8b2e37d4-5a61-48c4-b595-45a7c31f918f;7;2025;3;65;2;67;;67bdc48d-86c1-460a-a0d2-352dfc11af88;2025-12-06 12:17:54.732816+00;2025-12-07 14:31:02.889+00;0;0;9;true;approved;2025-12-06 12:17:57.424+00;73a0db7e-c07e-44a0-b86f-365afe2fc0d3;2025-12-07 14:31:02.67+00;;;;
8da1394e-81bf-4f64-bfed-ea79bef3fba4;9C;2025;3;63;4;67;;67bdc48d-86c1-460a-a0d2-352dfc11af88;2025-12-07 04:39:30.870664+00;2025-12-07 14:31:02.889+00;0;0;9;true;approved;2025-12-07 04:39:32.737+00;73a0db7e-c07e-44a0-b86f-365afe2fc0d3;2025-12-07 14:31:02.67+00;;;;
910efa6b-2d34-4b7b-98b1-55a8b1f2b958;16A;2025;3;63;4;67;;67bdc48d-86c1-460a-a0d2-352dfc11af88;2025-12-07 05:42:05.482032+00;2025-12-07 14:31:02.889+00;0;0;7;true;approved;2025-12-07 05:42:06.796+00;73a0db7e-c07e-44a0-b86f-365afe2fc0d3;2025-12-07 14:31:02.67+00;;;;
933a1744-4445-42f0-b717-21a98f90611d;1A;2025;3;65;2;67;;67bdc48d-86c1-460a-a0d2-352dfc11af88;2025-12-06 09:37:03.803934+00;2025-12-07 14:31:02.889+00;0;0;9;true;approved;2025-12-06 09:37:09.684+00;73a0db7e-c07e-44a0-b86f-365afe2fc0d3;2025-12-07 14:31:02.67+00;;;;
93b97b32-230e-4974-a9a2-3af50d566de5;1A;2025;3;65;2;67;;67bdc48d-86c1-460a-a0d2-352dfc11af88;2025-12-06 09:37:03.803934+00;2025-12-07 14:31:02.889+00;0;0;8;true;approved;2025-12-06 09:37:09.684+00;73a0db7e-c07e-44a0-b86f-365afe2fc0d3;2025-12-07 14:31:02.67+00;;;;
94ba2f40-44c5-4440-9ebb-52d572cc7378;4B;2025;3;59;8;67;;67bdc48d-86c1-460a-a0d2-352dfc11af88;2025-12-06 12:14:10.742477+00;2025-12-07 14:31:02.889+00;0;0;9;true;approved;2025-12-06 12:14:12.808+00;73a0db7e-c07e-44a0-b86f-365afe2fc0d3;2025-12-07 14:31:02.67+00;;;;
97e3f1b8-2f98-4c80-ba48-fd269b6b35b7;1B;2025;3;60;7;67;;67bdc48d-86c1-460a-a0d2-352dfc11af88;2025-12-06 09:53:12.870355+00;2025-12-07 14:31:02.889+00;0;0;9;true;approved;2025-12-06 09:53:15.011+00;73a0db7e-c07e-44a0-b86f-365afe2fc0d3;2025-12-07 14:31:02.67+00;;;;
98a9de2e-3970-4c77-9cc0-52364cbf648c;20B;2025;2;65;2;67;;67bdc48d-86c1-460a-a0d2-352dfc11af88;2025-12-07 11:03:42.712684+00;2025-12-07 14:31:02.889+00;0;0;6;true;approved;2025-12-07 11:03:45.451+00;73a0db7e-c07e-44a0-b86f-365afe2fc0d3;2025-12-07 14:31:02.67+00;;;;https://ujnxljbaapuvpnjdkick.supabase.co/storage/v1/object/public/invoices/cam-documents/20B_1765105419201.xlsx
98e18cdb-593b-4e73-9f88-f40ab81f8666;9A;2025;3;64;3;67;;67bdc48d-86c1-460a-a0d2-352dfc11af88;2025-12-06 12:30:18.698382+00;2025-12-07 14:31:02.889+00;0;0;8;true;approved;2025-12-06 12:30:21.231+00;73a0db7e-c07e-44a0-b86f-365afe2fc0d3;2025-12-07 14:31:02.67+00;;;;
9b85cb7e-8e9f-49d1-bdea-74d6ea11f607;16A;2025;3;63;4;67;;67bdc48d-86c1-460a-a0d2-352dfc11af88;2025-12-07 05:42:05.482032+00;2025-12-07 14:31:02.889+00;0;0;8;true;approved;2025-12-07 05:42:06.796+00;73a0db7e-c07e-44a0-b86f-365afe2fc0d3;2025-12-07 14:31:02.67+00;;;;
9e82e63a-9c25-4ae8-bd25-662ec2120b50;12;2025;3;158;43;201;;67bdc48d-86c1-460a-a0d2-352dfc11af88;2025-12-07 04:51:04.180024+00;2025-12-07 14:31:02.889+00;0;0;9;true;approved;2025-12-07 04:51:05.44+00;73a0db7e-c07e-44a0-b86f-365afe2fc0d3;2025-12-07 14:31:02.67+00;;;;
a20bbcd6-bb1b-4b18-b2a2-e915f31bc0da;16B;2025;3;64;3;67;;67bdc48d-86c1-460a-a0d2-352dfc11af88;2025-12-07 05:44:33.928823+00;2025-12-07 14:31:02.889+00;0;0;9;true;approved;2025-12-07 05:44:35.62+00;73a0db7e-c07e-44a0-b86f-365afe2fc0d3;2025-12-07 14:31:02.67+00;;;;
a2bf51b8-7f18-4ab1-8409-d5f09ed13e34;3A;2025;3;66;1;67;;67bdc48d-86c1-460a-a0d2-352dfc11af88;2025-12-06 11:36:38.149194+00;2025-12-07 14:31:02.889+00;0;0;7;true;approved;2025-12-06 11:36:40.489+00;73a0db7e-c07e-44a0-b86f-365afe2fc0d3;2025-12-07 14:31:02.67+00;;;;
a4d4ca41-e722-4123-acfd-b0e4a4609229;18B;2025;2;65;2;67;;67bdc48d-86c1-460a-a0d2-352dfc11af88;2025-12-07 10:18:44.043785+00;2025-12-07 14:31:02.889+00;0;0;4;true;approved;2025-12-07 10:19:06.169+00;73a0db7e-c07e-44a0-b86f-365afe2fc0d3;2025-12-07 14:31:02.67+00;;;;https://ujnxljbaapuvpnjdkick.supabase.co/storage/v1/object/public/invoices/cam-documents/18B_1765102736172.xlsx
a5b8fa44-a813-40ed-b273-272c6b5d4755;9C;2025;2;65;2;67;;67bdc48d-86c1-460a-a0d2-352dfc11af88;2025-12-07 04:47:59.33385+00;2025-12-07 14:31:02.889+00;0;0;4;true;approved;2025-12-07 04:48:07.081+00;73a0db7e-c07e-44a0-b86f-365afe2fc0d3;2025-12-07 14:31:02.67+00;;;;https://ujnxljbaapuvpnjdkick.supabase.co/storage/v1/object/public/invoices/cam-documents/9C_1765082874805.xlsx
a68a1234-6adb-40b5-a15d-da5e6c02da56;3B;2025;3;55;12;67;;67bdc48d-86c1-460a-a0d2-352dfc11af88;2025-12-06 12:03:38.897332+00;2025-12-07 14:31:02.889+00;0;0;9;true;approved;2025-12-06 12:03:41.169+00;73a0db7e-c07e-44a0-b86f-365afe2fc0d3;2025-12-07 14:31:02.67+00;;;;
a82716ef-c826-46eb-ab2b-4fc992454489;17A;2025;2;66;1;67;;67bdc48d-86c1-460a-a0d2-352dfc11af88;2025-12-07 07:44:44.551635+00;2025-12-07 14:31:02.889+00;0;0;6;true;approved;2025-12-07 07:44:47.802+00;73a0db7e-c07e-44a0-b86f-365afe2fc0d3;2025-12-07 14:31:02.67+00;;;;https://ujnxljbaapuvpnjdkick.supabase.co/storage/v1/object/public/invoices/cam-documents/17A_1765093481664.xlsx
a8dd3c41-c4c6-48a7-9f87-543b6b2f872d;18C;2025;3;66;1;67;;67bdc48d-86c1-460a-a0d2-352dfc11af88;2025-12-07 06:26:39.244814+00;2025-12-07 14:31:02.889+00;0;0;8;true;approved;2025-12-07 06:26:40.552+00;73a0db7e-c07e-44a0-b86f-365afe2fc0d3;2025-12-07 14:31:02.67+00;;;;
a92ce789-4123-4a7e-a3e4-9e9535019641;11;2025;3;65;2;201;;67bdc48d-86c1-460a-a0d2-352dfc11af88;2025-12-07 04:43:54.983659+00;2025-12-07 14:31:02.889+00;0;0;7;true;approved;2025-12-07 04:43:56.377+00;73a0db7e-c07e-44a0-b86f-365afe2fc0d3;2025-12-07 14:31:02.67+00;;;;
abec0156-ca7d-447e-a332-7c46f4330314;18B;2025;2;65;2;67;;67bdc48d-86c1-460a-a0d2-352dfc11af88;2025-12-07 10:18:44.043785+00;2025-12-07 14:31:02.889+00;0;0;5;true;approved;2025-12-07 10:19:06.169+00;73a0db7e-c07e-44a0-b86f-365afe2fc0d3;2025-12-07 14:31:02.67+00;;;;https://ujnxljbaapuvpnjdkick.supabase.co/storage/v1/object/public/invoices/cam-documents/18B_1765102736172.xlsx
ad1bc915-7ef9-4773-8186-62c56356649c;9B;2025;3;59;8;67;;67bdc48d-86c1-460a-a0d2-352dfc11af88;2025-12-07 04:25:02.711138+00;2025-12-07 14:31:02.889+00;0;0;8;true;approved;2025-12-07 04:25:04.338+00;73a0db7e-c07e-44a0-b86f-365afe2fc0d3;2025-12-07 14:31:02.67+00;;;;
ad74f57c-e1c3-44b5-8bbd-a7da57f7e308;9C;2025;3;64;3;67;;67bdc48d-86c1-460a-a0d2-352dfc11af88;2025-12-07 04:39:30.870664+00;2025-12-07 14:31:02.889+00;0;0;7;true;approved;2025-12-07 04:39:32.737+00;73a0db7e-c07e-44a0-b86f-365afe2fc0d3;2025-12-07 14:31:02.67+00;;;;
afd891b1-fba5-4fe3-94c9-7ec961d445da;7;2025;3;65;2;67;;67bdc48d-86c1-460a-a0d2-352dfc11af88;2025-12-06 12:17:54.732816+00;2025-12-07 14:31:02.889+00;0;0;7;true;approved;2025-12-06 12:17:57.424+00;73a0db7e-c07e-44a0-b86f-365afe2fc0d3;2025-12-07 14:31:02.67+00;;;;
b388c354-b051-4ced-87d3-d05042f82890;10;2025;3;62;5;67;;67bdc48d-86c1-460a-a0d2-352dfc11af88;2025-12-07 04:41:42.937376+00;2025-12-07 14:31:02.889+00;0;0;7;true;approved;2025-12-07 04:41:45.289+00;73a0db7e-c07e-44a0-b86f-365afe2fc0d3;2025-12-07 14:31:02.67+00;;;;
b5a49daf-7e40-41d3-8f3e-17c135089526;18B;2025;2;65;2;67;;67bdc48d-86c1-460a-a0d2-352dfc11af88;2025-12-07 10:18:44.043785+00;2025-12-07 14:31:02.889+00;0;0;6;true;approved;2025-12-07 10:19:06.169+00;73a0db7e-c07e-44a0-b86f-365afe2fc0d3;2025-12-07 14:31:02.67+00;;;;https://ujnxljbaapuvpnjdkick.supabase.co/storage/v1/object/public/invoices/cam-documents/18B_1765102736172.xlsx
b7028f34-7462-466b-90e7-fc222c178307;8;2025;3;60;7;67;;67bdc48d-86c1-460a-a0d2-352dfc11af88;2025-12-06 12:20:12.279023+00;2025-12-07 14:31:02.889+00;0;0;7;true;approved;2025-12-06 12:20:20.984+00;73a0db7e-c07e-44a0-b86f-365afe2fc0d3;2025-12-07 14:31:02.67+00;;;;
ba290bfa-4f20-497e-b75f-048b886b530e;14;2025;2;175;26;201;;67bdc48d-86c1-460a-a0d2-352dfc11af88;2025-12-07 06:17:03.102844+00;2025-12-07 14:31:02.889+00;0;0;6;true;approved;2025-12-07 06:17:10.581+00;73a0db7e-c07e-44a0-b86f-365afe2fc0d3;2025-12-07 14:31:02.67+00;;;;https://ujnxljbaapuvpnjdkick.supabase.co/storage/v1/object/public/invoices/cam-documents/14_1765088220368.xlsx
bcb3cee5-66da-4e93-8c0c-afc60fe2f8c9;9C;2025;2;64;3;67;;67bdc48d-86c1-460a-a0d2-352dfc11af88;2025-12-07 04:47:59.33385+00;2025-12-07 14:31:02.889+00;0;0;5;true;approved;2025-12-07 04:48:07.081+00;73a0db7e-c07e-44a0-b86f-365afe2fc0d3;2025-12-07 14:31:02.67+00;;;;https://ujnxljbaapuvpnjdkick.supabase.co/storage/v1/object/public/invoices/cam-documents/9C_1765082874805.xlsx
bf35b80e-dd12-4468-8da6-fe053bb7bf58;2B;2025;3;57;10;67;;67bdc48d-86c1-460a-a0d2-352dfc11af88;2025-12-06 11:21:31.31404+00;2025-12-07 14:31:02.889+00;0;0;9;true;approved;2025-12-06 11:21:34.194+00;73a0db7e-c07e-44a0-b86f-365afe2fc0d3;2025-12-07 14:31:02.67+00;;;;
c12452d1-c64e-4c3d-9379-c8d63c2b3202;12;2025;3;159;42;201;;67bdc48d-86c1-460a-a0d2-352dfc11af88;2025-12-07 04:51:04.180024+00;2025-12-07 14:31:02.889+00;0;0;8;true;approved;2025-12-07 04:51:05.44+00;73a0db7e-c07e-44a0-b86f-365afe2fc0d3;2025-12-07 14:31:02.67+00;;;;
c7463daa-6428-4199-b2e6-65173e8aa345;2B;2025;3;60;7;67;;67bdc48d-86c1-460a-a0d2-352dfc11af88;2025-12-06 11:21:31.31404+00;2025-12-07 14:31:02.889+00;0;0;8;true;approved;2025-12-06 11:21:34.194+00;73a0db7e-c07e-44a0-b86f-365afe2fc0d3;2025-12-07 14:31:02.67+00;;;;
caf097f1-1b59-42b8-a9fa-0641f5f7fdfd;18B;2025;3;64;3;67;;67bdc48d-86c1-460a-a0d2-352dfc11af88;2025-12-07 06:24:25.940062+00;2025-12-07 14:31:02.889+00;0;0;8;true;approved;2025-12-07 06:24:27.441+00;73a0db7e-c07e-44a0-b86f-365afe2fc0d3;2025-12-07 14:31:02.67+00;;;;
cf7eb181-1fda-469a-892f-1a1e3a9a5775;11;2025;2;67;0;67;;67bdc48d-86c1-460a-a0d2-352dfc11af88;2025-12-07 04:53:36.431806+00;2025-12-07 14:31:02.889+00;0;0;4;true;approved;2025-12-07 04:53:39.395+00;73a0db7e-c07e-44a0-b86f-365afe2fc0d3;2025-12-07 14:31:02.67+00;;;;https://ujnxljbaapuvpnjdkick.supabase.co/storage/v1/object/public/invoices/cam-documents/11_1765083207474.xlsx
d2311981-db91-456b-8d42-2b2d8631b5e8;11;2025;3;65;2;201;;67bdc48d-86c1-460a-a0d2-352dfc11af88;2025-12-07 04:43:54.983659+00;2025-12-07 14:31:02.889+00;0;0;9;true;approved;2025-12-07 04:43:56.377+00;73a0db7e-c07e-44a0-b86f-365afe2fc0d3;2025-12-07 14:31:02.67+00;;;;
d2365e88-16b0-498f-9288-53cb69a02e0d;17B;2025;2;65;2;67;;67bdc48d-86c1-460a-a0d2-352dfc11af88;2025-12-07 09:41:27.719265+00;2025-12-07 14:31:02.889+00;0;0;5;true;approved;2025-12-07 09:41:33.045+00;73a0db7e-c07e-44a0-b86f-365afe2fc0d3;2025-12-07 14:31:02.67+00;;;;https://ujnxljbaapuvpnjdkick.supabase.co/storage/v1/object/public/invoices/cam-documents/17B_1765100483295.xlsx
d29f68d8-6b99-49d0-9555-12f6b82c1689;18C;2025;3;66;1;67;;67bdc48d-86c1-460a-a0d2-352dfc11af88;2025-12-07 06:26:39.244814+00;2025-12-07 14:31:02.889+00;0;0;7;true;approved;2025-12-07 06:26:40.552+00;73a0db7e-c07e-44a0-b86f-365afe2fc0d3;2025-12-07 14:31:02.67+00;;;;
d4692e78-9fd2-44d5-a741-64f9a446c6f6;2B;2025;3;60;7;67;;67bdc48d-86c1-460a-a0d2-352dfc11af88;2025-12-06 11:21:31.31404+00;2025-12-07 14:31:02.889+00;0;0;7;true;approved;2025-12-06 11:21:34.194+00;73a0db7e-c07e-44a0-b86f-365afe2fc0d3;2025-12-07 14:31:02.67+00;;;;
d4bb2bb2-28be-4aa0-8dff-03130c25a221;13;2025;3;171;30;201;;67bdc48d-86c1-460a-a0d2-352dfc11af88;2025-12-07 04:55:33.545386+00;2025-12-07 14:31:02.889+00;0;0;7;true;approved;2025-12-07 04:55:35.216+00;73a0db7e-c07e-44a0-b86f-365afe2fc0d3;2025-12-07 14:31:02.67+00;;;;
d4c2d263-d2f5-4cfc-a7a8-c3de2020d8b3;13;2025;2;182;19;201;;67bdc48d-86c1-460a-a0d2-352dfc11af88;2025-12-07 05:32:47.667826+00;2025-12-07 14:31:02.889+00;0;0;5;true;approved;2025-12-07 05:32:52.671+00;73a0db7e-c07e-44a0-b86f-365afe2fc0d3;2025-12-07 14:31:02.67+00;;;;https://ujnxljbaapuvpnjdkick.supabase.co/storage/v1/object/public/invoices/cam-documents/13_1765085564480.xlsx
d663051c-7007-41cc-8a09-486dddd15f57;17A;2025;2;66;1;67;;67bdc48d-86c1-460a-a0d2-352dfc11af88;2025-12-07 07:44:44.551635+00;2025-12-07 14:31:02.889+00;0;0;4;true;approved;2025-12-07 07:44:47.802+00;73a0db7e-c07e-44a0-b86f-365afe2fc0d3;2025-12-07 14:31:02.67+00;;;;https://ujnxljbaapuvpnjdkick.supabase.co/storage/v1/object/public/invoices/cam-documents/17A_1765093481664.xlsx
d690090c-4d64-4999-ab47-3f649e683495;17B;2025;3;60;7;67;;67bdc48d-86c1-460a-a0d2-352dfc11af88;2025-12-07 05:53:01.694649+00;2025-12-07 14:31:02.889+00;0;0;9;true;approved;2025-12-07 05:53:02.987+00;73a0db7e-c07e-44a0-b86f-365afe2fc0d3;2025-12-07 14:31:02.67+00;;;;
d7875537-703a-4efd-82e6-41269291a03a;6;2025;3;67;0;67;;67bdc48d-86c1-460a-a0d2-352dfc11af88;2025-12-06 12:15:54.253224+00;2025-12-07 14:31:02.889+00;0;0;8;true;approved;2025-12-06 12:15:56.648+00;73a0db7e-c07e-44a0-b86f-365afe2fc0d3;2025-12-07 14:31:02.67+00;;;;
d9d76b0a-2263-44b8-aa41-b4b69b48789a;18C;2025;2;66;1;67;;67bdc48d-86c1-460a-a0d2-352dfc11af88;2025-12-07 10:27:54.763022+00;2025-12-07 14:31:02.889+00;0;0;4;true;approved;2025-12-07 10:28:40.743+00;73a0db7e-c07e-44a0-b86f-365afe2fc0d3;2025-12-07 14:31:02.67+00;;;;https://ujnxljbaapuvpnjdkick.supabase.co/storage/v1/object/public/invoices/cam-documents/18C_1765103268652.xlsx
db5ce3d2-802b-4a8e-b761-2eedd6d33e56;10;2025;3;62;5;67;;67bdc48d-86c1-460a-a0d2-352dfc11af88;2025-12-07 04:41:42.937376+00;2025-12-07 14:31:02.889+00;0;0;8;true;approved;2025-12-07 04:41:45.289+00;73a0db7e-c07e-44a0-b86f-365afe2fc0d3;2025-12-07 14:31:02.67+00;;;;
dba66c21-20eb-483f-9335-dd4cba32df96;3B;2025;3;57;10;67;;67bdc48d-86c1-460a-a0d2-352dfc11af88;2025-12-06 12:03:38.897332+00;2025-12-07 14:31:02.889+00;0;0;7;true;approved;2025-12-06 12:03:41.169+00;73a0db7e-c07e-44a0-b86f-365afe2fc0d3;2025-12-07 14:31:02.67+00;;;;
def63963-4199-4585-92c0-a66eaa2c24f7;4A;2025;3;62;5;67;;67bdc48d-86c1-460a-a0d2-352dfc11af88;2025-12-06 12:07:45.08457+00;2025-12-07 14:31:02.889+00;0;0;7;true;approved;2025-12-06 12:07:47.553+00;73a0db7e-c07e-44a0-b86f-365afe2fc0d3;2025-12-07 14:31:02.67+00;;;;
e01e5dcf-7319-4da3-9f36-567e1aa152bc;20B;2025;3;62;5;67;;67bdc48d-86c1-460a-a0d2-352dfc11af88;2025-12-07 06:37:06.527209+00;2025-12-07 14:31:02.889+00;0;0;7;true;approved;2025-12-07 06:37:07.792+00;73a0db7e-c07e-44a0-b86f-365afe2fc0d3;2025-12-07 14:31:02.67+00;;;;
e12047fc-dc73-40e5-924c-06ba68bb243b;4A;2025;3;62;5;67;;67bdc48d-86c1-460a-a0d2-352dfc11af88;2025-12-06 12:07:45.08457+00;2025-12-07 14:31:02.889+00;0;0;8;true;approved;2025-12-06 12:07:47.553+00;73a0db7e-c07e-44a0-b86f-365afe2fc0d3;2025-12-07 14:31:02.67+00;;;;
e21c09c0-cffa-46d9-a32f-3b7b96a5da3b;10;2025;2;65;2;67;;67bdc48d-86c1-460a-a0d2-352dfc11af88;2025-12-07 04:51:02.677551+00;2025-12-07 14:31:02.889+00;0;0;5;true;approved;2025-12-07 04:51:10.434+00;73a0db7e-c07e-44a0-b86f-365afe2fc0d3;2025-12-07 14:31:02.67+00;;;;https://ujnxljbaapuvpnjdkick.supabase.co/storage/v1/object/public/invoices/cam-documents/10_1765083057545.xlsx
e3e7b8cc-3d4a-4c8c-b40e-59036b41b578;2A;2025;3;62;5;67;;67bdc48d-86c1-460a-a0d2-352dfc11af88;2025-12-06 11:12:21.176869+00;2025-12-07 14:31:02.889+00;0;0;9;true;approved;2025-12-06 11:12:24.467+00;73a0db7e-c07e-44a0-b86f-365afe2fc0d3;2025-12-07 14:31:02.67+00;;;;
e495700b-2e4d-4a3a-97a7-a2d6897987a3;17B;2025;2;66;1;67;;67bdc48d-86c1-460a-a0d2-352dfc11af88;2025-12-07 09:41:27.719265+00;2025-12-07 14:31:02.889+00;0;0;6;true;approved;2025-12-07 09:41:33.045+00;73a0db7e-c07e-44a0-b86f-365afe2fc0d3;2025-12-07 14:31:02.67+00;;;;https://ujnxljbaapuvpnjdkick.supabase.co/storage/v1/object/public/invoices/cam-documents/17B_1765100483295.xlsx
e4c4ab45-a7df-465a-897c-c271ea4c829b;16A;2025;3;63;4;67;;67bdc48d-86c1-460a-a0d2-352dfc11af88;2025-12-07 05:42:05.482032+00;2025-12-07 14:31:02.889+00;0;0;9;true;approved;2025-12-07 05:42:06.796+00;73a0db7e-c07e-44a0-b86f-365afe2fc0d3;2025-12-07 14:31:02.67+00;;;;
e4dc4cda-45e3-41ab-8e5f-89c01d367dd4;17B;2025;3;61;6;67;;67bdc48d-86c1-460a-a0d2-352dfc11af88;2025-12-07 05:53:01.694649+00;2025-12-07 14:31:02.889+00;0;0;7;true;approved;2025-12-07 05:53:02.987+00;73a0db7e-c07e-44a0-b86f-365afe2fc0d3;2025-12-07 14:31:02.67+00;;;;
e551a24f-503f-483b-846d-2a48abf49c69;8;2025;3;60;7;67;;67bdc48d-86c1-460a-a0d2-352dfc11af88;2025-12-06 12:20:12.279023+00;2025-12-07 14:31:02.889+00;0;0;8;true;approved;2025-12-06 12:20:20.984+00;73a0db7e-c07e-44a0-b86f-365afe2fc0d3;2025-12-07 14:31:02.67+00;;;;
e58a5ee0-fae2-411f-be26-d7aae188caa2;10;2025;3;62;5;67;;67bdc48d-86c1-460a-a0d2-352dfc11af88;2025-12-07 04:41:42.937376+00;2025-12-07 14:31:02.889+00;0;0;9;true;approved;2025-12-07 04:41:45.289+00;73a0db7e-c07e-44a0-b86f-365afe2fc0d3;2025-12-07 14:31:02.67+00;;;;
e684122c-1289-4352-b1c6-b224b179c627;12;2025;2;178;23;201;;67bdc48d-86c1-460a-a0d2-352dfc11af88;2025-12-07 05:20:36.613043+00;2025-12-07 14:31:02.889+00;0;0;4;true;approved;2025-12-07 05:21:22.316+00;73a0db7e-c07e-44a0-b86f-365afe2fc0d3;2025-12-07 14:31:02.67+00;;;;https://ujnxljbaapuvpnjdkick.supabase.co/storage/v1/object/public/invoices/cam-documents/12_1765084872028.xlsx
e939eb60-c1dd-43db-811c-74a85852ab19;19;2025;2;65;2;67;;67bdc48d-86c1-460a-a0d2-352dfc11af88;2025-12-07 10:37:52.734874+00;2025-12-07 14:31:02.889+00;0;0;4;true;approved;2025-12-07 10:37:55.845+00;73a0db7e-c07e-44a0-b86f-365afe2fc0d3;2025-12-07 14:31:02.67+00;;;;https://ujnxljbaapuvpnjdkick.supabase.co/storage/v1/object/public/invoices/cam-documents/19_1765103869999.xlsx
e953c355-077b-4a9d-9e35-51cf69b2dbae;15B;2025;2;61;6;67;;67bdc48d-86c1-460a-a0d2-352dfc11af88;2025-12-07 07:02:36.526158+00;2025-12-07 14:31:02.889+00;0;0;5;true;approved;2025-12-07 07:02:51.691+00;73a0db7e-c07e-44a0-b86f-365afe2fc0d3;2025-12-07 14:31:02.67+00;;;;https://ujnxljbaapuvpnjdkick.supabase.co/storage/v1/object/public/invoices/cam-documents/15B_1765090953399.xlsx
e965d58f-8bbb-4d39-a232-015ac8bc4d3f;20A;2025;3;65;2;67;;67bdc48d-86c1-460a-a0d2-352dfc11af88;2025-12-07 06:34:07.421057+00;2025-12-07 14:31:02.889+00;0;0;8;true;approved;2025-12-07 06:34:08.824+00;73a0db7e-c07e-44a0-b86f-365afe2fc0d3;2025-12-07 14:31:02.67+00;;;;
edf8f939-3fce-4c2b-b524-7c1de5329596;18C;2025;3;66;1;67;;67bdc48d-86c1-460a-a0d2-352dfc11af88;2025-12-07 06:26:39.244814+00;2025-12-07 14:31:02.889+00;0;0;9;true;approved;2025-12-07 06:26:40.552+00;73a0db7e-c07e-44a0-b86f-365afe2fc0d3;2025-12-07 14:31:02.67+00;;;;
eeb528da-a807-4350-91fc-cf70fe085b18;19;2025;3;62;5;67;;67bdc48d-86c1-460a-a0d2-352dfc11af88;2025-12-07 06:29:31.781391+00;2025-12-07 14:31:02.889+00;0;0;8;true;approved;2025-12-07 06:29:33.192+00;73a0db7e-c07e-44a0-b86f-365afe2fc0d3;2025-12-07 14:31:02.67+00;;;;
f1032aed-8f24-4b95-a050-5f158c54a225;3A;2025;3;66;1;67;;67bdc48d-86c1-460a-a0d2-352dfc11af88;2025-12-06 11:36:38.149194+00;2025-12-07 14:31:02.889+00;0;0;9;true;approved;2025-12-06 11:36:40.489+00;73a0db7e-c07e-44a0-b86f-365afe2fc0d3;2025-12-07 14:31:02.67+00;;;;
f46d6c93-45c3-403f-a14f-c4cdfcfc1d1a;14;2025;2;174;27;201;;67bdc48d-86c1-460a-a0d2-352dfc11af88;2025-12-07 06:17:03.102844+00;2025-12-07 14:31:02.889+00;0;0;5;true;approved;2025-12-07 06:17:10.581+00;73a0db7e-c07e-44a0-b86f-365afe2fc0d3;2025-12-07 14:31:02.67+00;;;;https://ujnxljbaapuvpnjdkick.supabase.co/storage/v1/object/public/invoices/cam-documents/14_1765088220368.xlsx
f80db176-5cbf-46e6-9980-031c84bacf73;15A;2025;3;55;12;67;;67bdc48d-86c1-460a-a0d2-352dfc11af88;2025-12-07 05:28:35.637781+00;2025-12-07 14:31:02.889+00;0;0;8;true;approved;2025-12-07 05:28:36.981+00;73a0db7e-c07e-44a0-b86f-365afe2fc0d3;2025-12-07 14:31:02.67+00;;;;
fd8f0623-9f2a-41b2-b20c-cd6d46b26a5f;16B;2025;2;66;1;67;;67bdc48d-86c1-460a-a0d2-352dfc11af88;2025-12-07 07:39:06.084882+00;2025-12-07 14:31:02.889+00;0;0;5;true;approved;2025-12-07 07:39:08.518+00;73a0db7e-c07e-44a0-b86f-365afe2fc0d3;2025-12-07 14:31:02.67+00;;;;https://ujnxljbaapuvpnjdkick.supabase.co/storage/v1/object/public/invoices/cam-documents/16B_1765093143370.xlsx
fecefcd2-ba14-4ff8-8dfb-5382b171b3d8;9A;2025;3;64;3;67;;67bdc48d-86c1-460a-a0d2-352dfc11af88;2025-12-06 12:30:18.698382+00;2025-12-07 14:31:02.889+00;0;0;9;true;approved;2025-12-06 12:30:21.231+00;73a0db7e-c07e-44a0-b86f-365afe2fc0d3;2025-12-07 14:31:02.67+00;;;;
48c83e9b-2cd4-49f4-8da7-aa087510af9e;8;2025;4;47;20;67;;67bdc48d-86c1-460a-a0d2-352dfc11af88;2025-12-20 10:41:44.085875+00;2025-12-20 10:52:08.470838+00;0;0;11;true;approved;2025-12-20 10:42:02.043+00;73a0db7e-c07e-44a0-b86f-365afe2fc0d3;2025-12-20 10:52:08.203+00;;;;8/2025/Q3_1766227293105.xlsx
567cb7c1-a674-4e66-a5d6-9dc7db372b0e;3B;2025;4;51;16;67;;67bdc48d-86c1-460a-a0d2-352dfc11af88;2025-12-20 10:19:00.214949+00;2025-12-20 10:52:08.470838+00;0;0;12;true;approved;2025-12-20 10:19:05.436+00;73a0db7e-c07e-44a0-b86f-365afe2fc0d3;2025-12-20 10:52:08.203+00;;;;3B/2025/Q3_1766225937000.xlsx
a65f58e3-ae7e-4e72-874c-357ac1af35f7;8;2025;4;47;20;67;;67bdc48d-86c1-460a-a0d2-352dfc11af88;2025-12-20 10:41:44.085875+00;2025-12-20 10:52:08.470838+00;0;0;10;true;approved;2025-12-20 10:42:02.043+00;73a0db7e-c07e-44a0-b86f-365afe2fc0d3;2025-12-20 10:52:08.203+00;;;;8/2025/Q3_1766227293105.xlsx
cc33aa7f-cda4-40cc-b2f7-06052396892a;8;2025;4;47;20;67;;67bdc48d-86c1-460a-a0d2-352dfc11af88;2025-12-20 10:41:44.085875+00;2025-12-20 10:52:08.470838+00;0;0;12;true;approved;2025-12-20 10:42:02.043+00;73a0db7e-c07e-44a0-b86f-365afe2fc0d3;2025-12-20 10:52:08.203+00;;;;8/2025/Q3_1766227293105.xlsx
0bbcd82d-3ca2-47fc-b3c6-0404db17946f;12;2025;4;123;78;201;;67bdc48d-86c1-460a-a0d2-352dfc11af88;2025-12-20 10:58:33.382088+00;2025-12-20 11:00:51.465038+00;0;0;10;true;approved;2025-12-20 10:58:35.482+00;73a0db7e-c07e-44a0-b86f-365afe2fc0d3;2025-12-20 11:00:51.219+00;;;;12/2025/Q3_1766228311220.xlsx
85462cfb-3ddc-42c7-95f2-360d8d29b7b3;12;2025;4;122;79;201;;67bdc48d-86c1-460a-a0d2-352dfc11af88;2025-12-20 10:58:33.382088+00;2025-12-20 11:00:51.465038+00;0;0;12;true;approved;2025-12-20 10:58:35.482+00;73a0db7e-c07e-44a0-b86f-365afe2fc0d3;2025-12-20 11:00:51.219+00;;;;12/2025/Q3_1766228311220.xlsx
f15968c8-e5fb-4e26-a7b3-b84fe9119f2a;12;2025;4;123;78;201;;67bdc48d-86c1-460a-a0d2-352dfc11af88;2025-12-20 10:58:33.382088+00;2025-12-20 11:00:51.465038+00;0;0;11;true;approved;2025-12-20 10:58:35.482+00;73a0db7e-c07e-44a0-b86f-365afe2fc0d3;2025-12-20 11:00:51.219+00;;;;12/2025/Q3_1766228311220.xlsx
43d92749-6042-479e-9010-f29e1107ec7f;13;2025;4;141;60;201;;67bdc48d-86c1-460a-a0d2-352dfc11af88;2025-12-20 11:01:28.757228+00;2025-12-20 11:07:26.965916+00;0;0;11;true;approved;2025-12-20 11:01:30.97+00;73a0db7e-c07e-44a0-b86f-365afe2fc0d3;2025-12-20 11:07:26.718+00;;;;13/2025/Q3_1766228485490.xlsx
55695c63-7b49-4a7b-9520-d13e91584e55;14;2025;4;128;73;201;;67bdc48d-86c1-460a-a0d2-352dfc11af88;2025-12-20 11:04:37.69852+00;2025-12-20 11:07:26.965916+00;0;0;10;true;approved;2025-12-20 11:04:39.578+00;73a0db7e-c07e-44a0-b86f-365afe2fc0d3;2025-12-20 11:07:26.718+00;;;;14/2025/Q3_1766228675087.xlsx
5c85ec11-79f0-4c57-ae42-d4b23725edec;13;2025;4;141;60;201;;67bdc48d-86c1-460a-a0d2-352dfc11af88;2025-12-20 11:01:28.757228+00;2025-12-20 11:07:26.965916+00;0;0;10;true;approved;2025-12-20 11:01:30.97+00;73a0db7e-c07e-44a0-b86f-365afe2fc0d3;2025-12-20 11:07:26.718+00;;;;13/2025/Q3_1766228485490.xlsx
a25b830f-f634-4ddb-a213-796aab911a62;13;2025;4;140;61;201;;67bdc48d-86c1-460a-a0d2-352dfc11af88;2025-12-20 11:01:28.757228+00;2025-12-20 11:07:26.965916+00;0;0;12;true;approved;2025-12-20 11:01:30.97+00;73a0db7e-c07e-44a0-b86f-365afe2fc0d3;2025-12-20 11:07:26.718+00;;;;13/2025/Q3_1766228485490.xlsx